Detail_Number,Discipline,Category,Number,Detail_Title,CSI_Section,Related_Blocks,Related_Layers,ADA_Standard,CBC_Standard,,,,
GENL-NOTE-001,GENL,NOTE,1,General notes titleblock,01 11 00,,,,,,,,
GENL-NOTE-002,GENL,NOTE,2,Abbreviations legend,01 11 00,,,,,,,,
GENL-NOTE-003,GENL,NOTE,3,Symbols legend - Civil,01 11 00,,,,,,,,
GENL-NOTE-004,GENL,NOTE,4,Symbols legend - Utility,01 11 00,,,,,,,,
GENL-NOTE-005,GENL,NOTE,5,Material legend,01 11 00,,,,,,,,
GENL-NOTE-006,GENL,NOTE,6,Benchmark notes and diagram,01 11 00,,,,,,,,
GENL-NOTE-007,GENL,NOTE,7,Survey control notes,01 11 00,,,,,,,,
GENL-NOTE-008,GENL,NOTE,8,Coordinate system notes,01 11 00,,,,,,,,
GENL-NOTE-009,GENL,NOTE,9,Datum reference notes,01 11 00,,,,,,,,
GENL-SEQU-020,GENL,SEQU,20,Demolition sequence notes,01 33 00,,,,,,,,
GENL-SEQU-021,GENL,SEQU,21,Erosion control sequence,01 33 00,,,,,,,,
GENL-SEQU-022,GENL,SEQU,22,Utility installation sequence,01 33 00,,,,,,,,
GENL-SEQU-023,GENL,SEQU,23,Site restoration sequence,01 33 00,,,,,,,,
GENL-SEQU-024,GENL,SEQU,24,Traffic control phasing,01 33 00,,,,,,,,
GENL-SECT-040,GENL,SECT,40,Trench safety - OSHA requirements,01 45 00,,,,,,,,
GENL-SECT-041,GENL,SECT,41,Trench bedding and backfill,01 45 00,,,,,,,,
GENL-SECT-042,GENL,SECT,42,Utility crossing typical section,01 45 00,,,,,,,,
GENL-SECT-043,GENL,SECT,43,Bore/jack typical section,01 45 00,,,,,,,,
GENL-SECT-044,GENL,SECT,44,Saw cut and overlay section,01 45 00,,,,,,,,
GENL-MATL-060,GENL,MATL,60,Concrete mix specifications,01 45 00,,,,,,,,
GENL-MATL-061,GENL,MATL,61,Aggregate gradations,01 45 00,,,,,,,,
GENL-MATL-062,GENL,MATL,62,Compaction requirements table,01 45 00,,,,,,,,
GENL-MATL-063,GENL,MATL,63,Pipe material specifications,01 45 00,,,,,,,,
GENL-MATL-064,GENL,MATL,64,Reinforcement schedule,01 45 00,,,,,,,,
GENL-MATL-065,GENL,MATL,65,Geotextile specifications,01 45 00,,,,,,,,
GENL-TEST-080,GENL,TEST,80,Field density testing locations,01 45 00,,,,,,,,
GENL-TEST-081,GENL,TEST,81,Concrete testing requirements,01 45 00,,,,,,,,
GENL-TEST-082,GENL,TEST,82,Pipe deflection testing,01 45 00,,,,,,,,
GENL-TEST-083,GENL,TEST,83,Infiltration/exfiltration testing,01 45 00,,,,,,,,
GENL-TEST-084,GENL,TEST,84,Video inspection requirements,01 45 00,,,,,,,,
SITE-WALL-100,SITE,WALL,100,Retaining wall types diagram,32 32 00,,,,,,,,
SITE-WALL-101,SITE,WALL,101,Concrete retaining wall - 2' to 4' height,32 32 00,,P-SITE-IMPR-WALL-CNRC,,,,,,
SITE-WALL-102,SITE,WALL,102,Concrete retaining wall - 4' to 6' height,32 32 00,,P-SITE-IMPR-WALL-CNRC,,,,,,
SITE-WALL-103,SITE,WALL,103,Concrete retaining wall - 6' to 8' height,32 32 00,,P-SITE-IMPR-WALL-CNRC,,,,,,
SITE-WALL-104,SITE,WALL,104,Segmental retaining wall - standard,32 32 00,,,,,,,,
SITE-WALL-105,SITE,WALL,105,Segmental retaining wall - terraced,32 32 00,,,,,,,,
SITE-WALL-106,SITE,WALL,106,Timber retaining wall,32 32 00,,,,,,,,
SITE-WALL-107,SITE,WALL,107,Gabion wall section,32 32 00,,,,,,,,
SITE-WALL-108,SITE,WALL,108,Wall footing - standard,32 32 00,,,,,,,,
SITE-WALL-109,SITE,WALL,109,Wall footing - stepped,32 32 00,,,,,,,,
SITE-WALL-110,SITE,WALL,110,Wall drainage system,32 32 00,,,,,,,,
SITE-WALL-111,SITE,WALL,111,Wall cap details,32 32 00,,,,,,,,
SITE-WALL-112,SITE,WALL,112,Wall expansion joint,32 32 00,,,,,,,,
SITE-WALL-113,SITE,WALL,113,Wall construction joint,32 32 00,,,,,,,,
SITE-WALL-114,SITE,WALL,114,Wall waterproofing,32 32 00,,,,,,,,
SITE-FENC-120,SITE,FENC,120,Chain link fence - residential (4'),32 31 00,SYM_SITE_FNCE_CHNL,P-SITE-IMPR-FNCE-CHNL,,,,,,
SITE-FENC-121,SITE,FENC,121,Chain link fence - commercial (6'),32 31 00,SYM_SITE_FNCE_CHNL,P-SITE-IMPR-FNCE-CHNL,,,,,,
SITE-FENC-122,SITE,FENC,122,Chain link fence - industrial (8'),32 31 00,SYM_SITE_FNCE_CHNL,P-SITE-IMPR-FNCE-CHNL,,,,,,
SITE-FENC-123,SITE,FENC,123,Wood fence - post and rail,32 31 00,SYM_SITE_FNCE_WOOD,P-SITE-IMPR-FNCE-WOOD,,,,,,
SITE-FENC-124,SITE,FENC,124,Wood fence - solid board (6'),32 31 00,SYM_SITE_FNCE_WOOD,P-SITE-IMPR-FNCE-WOOD,,,,,,
SITE-FENC-125,SITE,FENC,125,Ornamental metal fence - aluminum,32 31 00,SYM_SITE_FNCE_ORNM,P-SITE-IMPR-FNCE-ORNM,,,,,,
SITE-FENC-126,SITE,FENC,126,Ornamental metal fence - steel,32 31 00,SYM_SITE_FNCE_ORNM,P-SITE-IMPR-FNCE-ORNM,,,,,,
SITE-FENC-127,SITE,FENC,127,Fence gate - single swing,32 31 00,SYM_SITE_GATE_SING,,,,,,,
SITE-FENC-128,SITE,FENC,128,Fence gate - double swing,32 31 00,SYM_SITE_GATE_DUBL,,,,,,,
SITE-FENC-129,SITE,FENC,129,Fence gate - cantilever slide,32 31 00,SYM_SITE_GATE_AUTO,,,,,,,
SITE-FENC-130,SITE,FENC,130,Fence post footing - standard,32 31 00,,,,,,,,
SITE-FENC-131,SITE,FENC,131,Fence post footing - heavy duty,32 31 00,,,,,,,,
SITE-FENC-132,SITE,FENC,132,Fence corner/end post detail,32 31 00,,,,,,,,
SITE-FENC-133,SITE,FENC,133,Barbed wire top rail detail,32 31 00,,,,,,,,
SITE-WALK-140,SITE,WALK,140,Concrete sidewalk - 4' wide,32 16 00,,,,,,,,
SITE-WALK-141,SITE,WALK,141,Concrete sidewalk - 5' wide,32 16 00,,,,,,,,
SITE-WALK-142,SITE,WALK,142,Concrete sidewalk - 6' ADA compliant,32 16 00,,,,,,,,
SITE-WALK-143,SITE,WALK,143,Sidewalk curb ramp - perpendicular,32 16 00,,,,,,,,
SITE-WALK-144,SITE,WALK,144,Sidewalk curb ramp - parallel,32 16 00,,,,,,,,
SITE-WALK-145,SITE,WALK,145,Sidewalk curb ramp - diagonal,32 16 00,,,,,,,,
SITE-WALK-146,SITE,WALK,146,Detectable warning surface detail,32 16 00,,,,,,,,
SITE-WALK-147,SITE,WALK,147,Sidewalk expansion joint,32 16 00,,,,,,,,
SITE-WALK-148,SITE,WALK,148,Sidewalk construction joint (tooled),32 16 00,,,,,,,,
SITE-WALK-149,SITE,WALK,149,Sidewalk to driveway transition,32 16 00,,,,,,,,
SITE-WALK-150,SITE,WALK,150,Multi-use trail - asphalt (8'),32 16 00,,,,,,,,
SITE-WALK-151,SITE,WALK,151,Multi-use trail - asphalt (10'),32 16 00,,,,,,,,
SITE-WALK-152,SITE,WALK,152,Multi-use trail - crushed stone,32 16 00,,,,,,,,
SITE-WALK-153,SITE,WALK,153,Trail edge restraint,32 16 00,,,,,,,,
SITE-WALK-154,SITE,WALK,154,Trail striping and marking,32 16 00,,,,,,,,
SITE-FURN-160,SITE,FURN,160,Bench mounting - surface,32 90 00,FURN_SITE_BNCH_6FT,,,,,,,
SITE-FURN-161,SITE,FURN,161,Bench mounting - in-ground,32 90 00,FURN_SITE_BNCH_6FT,,,,,,,
SITE-FURN-162,SITE,FURN,162,Trash receptacle mounting,32 90 00,FURN_SITE_TRSH_RCPT,,,,,,,
SITE-FURN-163,SITE,FURN,163,Bike rack mounting - surface,32 90 00,FURN_SITE_BIKE_RACK,,,,,,,
SITE-FURN-164,SITE,FURN,164,Bike rack mounting - in-ground,32 90 00,FURN_SITE_BIKE_RACK,,,,,,,
SITE-FURN-165,SITE,FURN,165,Bollard installation - fixed,32 90 00,FURN_SITE_BOLR_POST,,,,,,,
SITE-FURN-166,SITE,FURN,166,Bollard installation - removable,32 90 00,FURN_SITE_BOLR_RMVB,,,,,,,
SITE-FURN-167,SITE,FURN,167,Picnic table pad and mounting,32 90 00,FURN_SITE_TABL_RECT,,,,,,,
SITE-FURN-168,SITE,FURN,168,Drinking fountain installation,32 90 00,,,,,,,,
SITE-STRC-180,SITE,STRC,180,Shade structure - fabric,32 90 00,,,,,,,,
SITE-STRC-181,SITE,STRC,181,Shade structure - solid roof,32 90 00,,,,,,,,
SITE-STRC-182,SITE,STRC,182,Pergola construction detail,32 90 00,SYM_SITE_PRGL_STND,,,,,,,
SITE-STRC-183,SITE,STRC,183,Gazebo foundation plan,32 90 00,SYM_SITE_GZBO_STND,,,,,,,
SITE-STRC-184,SITE,STRC,184,Transit shelter foundation,32 90 00,SYM_SITE_SHLT_TRAN,,,,,,,
SITE-STRC-185,SITE,STRC,185,Kiosk mounting detail,32 90 00,SYM_SITE_KISK_INFO,,,,,,,
GRAD-EROS-200,GRAD,EROS,200,Silt fence installation,31 25 00,SYM_GRAD_SILT_FNCE,,,,,,,
GRAD-EROS-201,GRAD,EROS,201,Silt fence terminal detail,31 25 00,,,,,,,,
GRAD-EROS-202,GRAD,EROS,202,Inlet protection - Type 1 (gravel),31 25 00,,,,,,,,
GRAD-EROS-203,GRAD,EROS,203,Inlet protection - Type 2 (fabric),31 25 00,,,,,,,,
GRAD-EROS-204,GRAD,EROS,204,Inlet protection - Type 3 (block/grate),31 25 00,,,,,,,,
GRAD-EROS-205,GRAD,EROS,205,Construction entrance,31 25 00,,,,,,,,
GRAD-EROS-206,GRAD,EROS,206,Temporary sediment trap,31 25 00,,,,,,,,
GRAD-EROS-207,GRAD,EROS,207,Sediment basin - standard,31 25 00,,,,,,,,
GRAD-EROS-208,GRAD,EROS,208,Check dam - stone,31 25 00,,,,,,,,
GRAD-EROS-209,GRAD,EROS,209,Check dam - fiber roll,31 25 00,,,,,,,,
GRAD-EROS-210,GRAD,EROS,210,Temporary diversion dike,31 25 00,,,,,,,,
GRAD-EROS-211,GRAD,EROS,211,Slope drain - pipe,31 25 00,,,,,,,,
GRAD-EROS-212,GRAD,EROS,212,Slope drain - lined channel,31 25 00,,,,,,,,
GRAD-EROS-213,GRAD,EROS,213,Erosion control blanket installation,31 25 00,,,,,,,,
GRAD-EROS-214,GRAD,EROS,214,Turf reinforcement mat installation,31 25 00,,,,,,,,
GRAD-SLPE-220,GRAD,SLPE,220,Slope stabilization methods diagram,31 37 00,,,,,,,,
GRAD-SLPE-221,GRAD,SLPE,221,Riprap slope protection - 2:1,31 37 00,,,,,,,,
GRAD-SLPE-222,GRAD,SLPE,222,Riprap slope protection - 3:1,31 37 00,,,,,,,,
GRAD-SLPE-223,GRAD,SLPE,223,Riprap toe detail,31 37 00,,,,,,,,
GRAD-SLPE-224,GRAD,SLPE,224,Riprap filter fabric detail,31 37 00,,,,,,,,
GRAD-SLPE-225,GRAD,SLPE,225,Gabion slope protection,31 37 00,,,,,,,,
GRAD-SLPE-226,GRAD,SLPE,226,Geogrid reinforcement - standard,31 05 19,,,,,,,,
GRAD-SLPE-227,GRAD,SLPE,227,Geogrid reinforcement - wrap face,31 05 19,,,,,,,,
GRAD-SLPE-228,GRAD,SLPE,228,Soil nail wall section,31 05 19,,,,,,,,
GRAD-SLPE-229,GRAD,SLPE,229,Vegetated slope - hydroseeding,31 25 00,,,,,,,,
GRAD-SLPE-230,GRAD,SLPE,230,Vegetated slope - sod,31 25 00,,,,,,,,
GRAD-SWLE-240,GRAD,SWLE,240,Grass swale - triangular section,31 25 00,,,,,,,,
GRAD-SWLE-241,GRAD,SWLE,241,Grass swale - parabolic section,31 25 00,,,,,,,,
GRAD-SWLE-242,GRAD,SWLE,242,Grass swale - trapezoidal section,31 25 00,,,,,,,,
GRAD-SWLE-243,GRAD,SWLE,243,Bioretention swale section,31 25 00,SYM_STRM_SWLE_BIOF,,,,,,,
GRAD-SWLE-244,GRAD,SWLE,244,Rock-lined swale,31 25 00,,,,,,,,
GRAD-SWLE-245,GRAD,SWLE,245,Concrete swale section,31 25 00,,,,,,,,
GRAD-SWLE-246,GRAD,SWLE,246,Swale check dam detail,31 25 00,,,,,,,,
GRAD-SWLE-247,GRAD,SWLE,247,Swale to pipe transition,31 25 00,,,,,,,,
GRAD-SWLE-248,GRAD,SWLE,248,Swale overflow structure,31 25 00,,,,,,,,
GRAD-SUBD-260,GRAD,SUBD,260,French drain system,33 46 00,,,,,,,,
GRAD-SUBD-261,GRAD,SUBD,261,Perimeter drain - standard,33 46 00,,,,,,,,
GRAD-SUBD-262,GRAD,SUBD,262,Perimeter drain - heavy duty,33 46 00,,,,,,,,
GRAD-SUBD-263,GRAD,SUBD,263,Curtain drain installation,33 46 00,,,,,,,,
GRAD-SUBD-264,GRAD,SUBD,264,Underdrain system - standard,33 46 00,,,,,,,,
GRAD-SUBD-265,GRAD,SUBD,265,Underdrain cleanout detail,33 46 00,SYM_STRM_UNDR_CLOT,,,,,,,
GRAD-SUBD-266,GRAD,SUBD,266,Foundation drain connection,33 46 00,,,,,,,,
GRAD-SUBD-267,GRAD,SUBD,267,Drain rock gradation and filter fabric,33 46 00,,,,,,,,
GRAD-ERTH-280,GRAD,ERTH,280,Cut/fill transition detail,31 23 00,,,,,,,,
GRAD-ERTH-281,GRAD,ERTH,281,Topsoil stripping and stockpile,31 23 00,,,,,,,,
GRAD-ERTH-282,GRAD,ERTH,282,Subgrade preparation,31 23 00,,,,,,,,
GRAD-ERTH-283,GRAD,ERTH,283,Structural fill placement,31 23 00,,,,,,,,
GRAD-ERTH-284,GRAD,ERTH,284,Benching into existing slope,31 23 00,,,,,,,,
GRAD-ERTH-285,GRAD,ERTH,285,Overexcavation and replacement,31 23 00,,,,,,,,
STRM-MNHL-300,STRM,MNHL,300,Manhole types and applications,33 49 00,,,,,,,,
STRM-MNHL-301,STRM,MNHL,301,"48"" standard manhole plan/section",33 49 00,SYM_STRM_MNHL_48IN,P-STRM-DRNG-MNHL-STND,,,,,,
STRM-MNHL-302,STRM,MNHL,302,"60"" standard manhole plan/section",33 49 00,SYM_STRM_MNHL_60IN,P-STRM-DRNG-MNHL-STND,,,,,,
STRM-MNHL-303,STRM,MNHL,303,"72"" standard manhole plan/section",33 49 00,SYM_STRM_MNHL_60IN,P-STRM-DRNG-MNHL-STND,,,,,,
STRM-MNHL-304,STRM,MNHL,304,"48"" drop manhole - inside drop",33 49 00,SYM_STRM_DMHI_48IN,P-STRM-DRNG-MNHL-DROP,,,,,,
STRM-MNHL-305,STRM,MNHL,305,"48"" drop manhole - outside drop",33 49 00,SYM_STRM_DMHI_48IN,P-STRM-DRNG-MNHL-DROP,,,,,,
STRM-MNHL-306,STRM,MNHL,306,"60"" drop manhole - inside drop",33 49 00,SYM_STRM_DMHI_60IN,P-STRM-DRNG-MNHL-DROP,,,,,,
STRM-MNHL-307,STRM,MNHL,307,Manhole base detail - flat bottom,33 49 00,,,,,,,,
STRM-MNHL-308,STRM,MNHL,308,Manhole base detail - channelized,33 49 00,,,,,,,,
STRM-MNHL-309,STRM,MNHL,309,Manhole cone section,33 49 00,,,,,,,,
STRM-MNHL-310,STRM,MNHL,310,Manhole frame and cover - standard,33 49 00,,,,,,,,
STRM-MNHL-311,STRM,MNHL,311,Manhole frame and cover - traffic rated,33 49 00,,,,,,,,
STRM-MNHL-312,STRM,MNHL,312,Manhole step installation,33 49 00,,,,,,,,
STRM-MNHL-313,STRM,MNHL,313,Manhole pipe connection - rigid,33 49 00,,,,,,,,
STRM-MNHL-314,STRM,MNHL,314,Manhole pipe connection - flexible,33 49 00,,,,,,,,
STRM-MNHL-315,STRM,MNHL,315,Manhole exterior wrap/coating,33 49 00,,,,,,,,
STRM-MNHL-316,STRM,MNHL,316,Manhole adjustment ring detail,33 49 00,,,,,,,,
STRM-CTBS-320,STRM,CTBS,320,Catch basin Type 1 - curb inlet,33 49 00,SYM_STRM_CTBS_TYPE1,P-STRM-DRNG-CTBS-STND,,,,,,
STRM-CTBS-321,STRM,CTBS,321,Catch basin Type 2 - grated inlet,33 49 00,SYM_STRM_CTBS_TYPE2,P-STRM-DRNG-CTBS-STND,,,,,,
STRM-CTBS-322,STRM,CTBS,322,Area drain catch basin,33 49 00,SYM_STRM_CTBS_AREA,P-STRM-DRNG-CTBS-AREA,,,,,,
STRM-CTBS-323,STRM,CTBS,323,Catch basin frame and grate - standard,33 49 00,,,,,,,,
STRM-CTBS-324,STRM,CTBS,324,Catch basin frame and grate - traffic,33 49 00,,,,,,,,
STRM-CTBS-325,STRM,CTBS,325,Catch basin sump detail,33 49 00,,,,,,,,
STRM-CTBS-326,STRM,CTBS,326,Catch basin hood/trap detail,33 49 00,,,,,,,,
STRM-CTBS-327,STRM,CTBS,327,Curb inlet throat detail,33 49 00,SYM_STRM_INLET_CURB,,,,,,,
STRM-CTBS-328,STRM,CTBS,328,Grated inlet - standard,33 49 00,SYM_STRM_INLET_GRAT,,,,,,,
STRM-CTBS-329,STRM,CTBS,329,Grated inlet - heavy traffic,33 49 00,SYM_STRM_INLET_GRAT,,,,,,,
STRM-CTBS-330,STRM,CTBS,330,Trench drain system - standard,33 49 00,SYM_STRM_INLET_TRCH,,,,,,,
STRM-CTBS-331,STRM,CTBS,331,Trench drain system - heavy duty,33 49 00,SYM_STRM_INLET_TRCH,,,,,,,
STRM-CTBS-332,STRM,CTBS,332,Trench drain end cap,33 49 00,,,,,,,,
STRM-CTBS-333,STRM,CTBS,333,Yard drain detail,33 49 00,SYM_STRM_INLET_YARD,,,,,,,
STRM-CTBS-334,STRM,CTBS,334,Inlet protection during construction,33 49 00,,,,,,,,
STRM-JNBX-340,STRM,JNBX,340,"Junction box - 24"" diameter",33 49 00,SYM_STRM_JNBX_24IN,,,,,,,
STRM-JNBX-341,STRM,JNBX,341,"Junction box - 36"" diameter",33 49 00,SYM_STRM_JNBX_36IN,,,,,,,
STRM-JNBX-342,STRM,JNBX,342,"Junction box - 48"" rectangular",33 49 00,,,,,,,,
STRM-JNBX-343,STRM,JNBX,343,Cleanout detail - surface mounted,33 49 00,SYM_STRM_CLOT_PIPE,,,,,,,
STRM-JNBX-344,STRM,JNBX,344,Cleanout detail - flush mounted,33 49 00,SYM_STRM_CLOT_PIPE,,,,,,,
STRM-JNBX-345,STRM,JNBX,345,Pipe plug detail,33 49 00,,,,,,,,
STRM-PIPE-350,STRM,PIPE,350,Pipe materials comparison chart,33 41 00,,,,,,,,
STRM-PIPE-351,STRM,PIPE,351,Pipe bedding - Class A (concrete),33 41 00,,P-STRM-DRNG-PIPE-MAIN,,,,,,
STRM-PIPE-352,STRM,PIPE,352,Pipe bedding - Class B (crushed stone),33 41 00,,P-STRM-DRNG-PIPE-MAIN,,,,,,
STRM-PIPE-353,STRM,PIPE,353,Pipe bedding - Class C (select fill),33 41 00,,P-STRM-DRNG-PIPE-MAIN,,,,,,
STRM-PIPE-354,STRM,PIPE,354,Pipe haunching detail,33 41 00,,,,,,,,
STRM-PIPE-355,STRM,PIPE,355,Pipe backfill requirements,33 41 00,,,,,,,,
STRM-PIPE-356,STRM,PIPE,356,Pipe joint - rubber gasket,33 41 00,,,,,,,,
STRM-PIPE-357,STRM,PIPE,357,Pipe joint - bell and spigot,33 41 00,,,,,,,,
STRM-PIPE-358,STRM,PIPE,358,Pipe thrust restraint - concrete,33 41 00,,,,,,,,
STRM-PIPE-359,STRM,PIPE,359,Pipe thrust restraint - mechanical,33 41 00,,,,,,,,
STRM-PIPE-360,STRM,PIPE,360,Pipe sleeve/casing detail,33 41 00,,,,,,,,
STRM-PIPE-361,STRM,PIPE,361,Pipe abandonment - fill/grout,33 41 00,,,,,,,,
STRM-PIPE-362,STRM,PIPE,362,Pipe connection to existing - core drill,33 41 00,,,,,,,,
STRM-PIPE-363,STRM,PIPE,363,Pipe connection to existing - saddle tap,33 41 00,,,,,,,,
STRM-PIPE-364,STRM,PIPE,364,Pipe depth of cover requirements,33 41 00,,,,,,,,
STRM-PIPE-365,STRM,PIPE,365,Pipe insulation and wrapping,33 41 00,,,,,,,,
STRM-OTLT-370,STRM,OTLT,370,Pipe outlet - standard,33 41 00,SYM_STRM_OTLT_PIPE,,,,,,,
STRM-OTLT-371,STRM,OTLT,371,Flared end section - Type 1,33 41 00,SYM_STRM_OTLT_FLRD,,,,,,,
STRM-OTLT-372,STRM,OTLT,372,Flared end section - Type 2,33 41 00,SYM_STRM_OTLT_FLRD,,,,,,,
STRM-OTLT-373,STRM,OTLT,373,Headwall - concrete wing wall,33 41 00,SYM_STRM_HDWL_CONC,,,,,,,
STRM-OTLT-374,STRM,OTLT,374,Headwall - straight face,33 41 00,SYM_STRM_HDWL_CONC,,,,,,,
STRM-OTLT-375,STRM,OTLT,375,Headwall - mitered end,33 41 00,,,,,,,,
STRM-OTLT-376,STRM,OTLT,376,Headwall - rubble masonry,33 41 00,SYM_STRM_HDWL_RBBL,,,,,,,
STRM-OTLT-377,STRM,OTLT,377,Outlet protection - riprap apron,33 41 00,,,,,,,,
STRM-OTLT-378,STRM,OTLT,378,Outlet protection - concrete apron,33 41 00,,,,,,,,
STRM-OTLT-379,STRM,OTLT,379,Energy dissipator - basin,33 41 00,SYM_STRM_ENRG_DISS,,,,,,,
STRM-OTLT-380,STRM,OTLT,380,Energy dissipator - baffles,33 41 00,SYM_STRM_ENRG_DISS,,,,,,,
STRM-OTLT-381,STRM,OTLT,381,Scour hole repair detail,33 41 00,,,,,,,,
STRM-QLTY-385,STRM,QLTY,385,Oil/water separator - standard,33 49 00,SYM_STRM_QLTY_SEPT,,,,,,,
STRM-QLTY-386,STRM,QLTY,386,Media filter unit installation,33 49 00,SYM_STRM_QLTY_MDIA,,,,,,,
STRM-QLTY-387,STRM,QLTY,387,Hydrodynamic separator,33 49 00,,,,,,,,
STRM-QLTY-388,STRM,QLTY,388,Bioretention cell section,33 49 00,,,,,,,,
STRM-QLTY-389,STRM,QLTY,389,Detention basin typical section,33 49 00,SYM_STRM_POND_DETN,,,,,,,
STRM-QLTY-390,STRM,QLTY,390,Detention basin inlet structure,33 49 00,,,,,,,,
STRM-QLTY-391,STRM,QLTY,391,Detention basin outlet structure,33 49 00,,,,,,,,
STRM-QLTY-392,STRM,QLTY,392,Detention basin overflow spillway,33 49 00,,,,,,,,
STRM-QLTY-393,STRM,QLTY,393,Detention basin maintenance access,33 49 00,,,,,,,,
STRM-QLTY-394,STRM,QLTY,394,Detention basin emergency drain,33 49 00,,,,,,,,
STRM-QLTY-395,STRM,QLTY,395,Forebay detail,33 49 00,,,,,,,,
WATR-SRVC-458,WATR,SRVC,458,Corporation stop installation,33 11 00,,,,,,,,
WATR-SRVC-459,WATR,SRVC,459,Curb stop installation,33 11 00,,,,,,,,
WATR-SRVC-460,WATR,SRVC,460,Service box - standard,33 11 00,SYM_WATR_SRVC_BOXS,,,,,,,
WATR-SRVC-461,WATR,SRVC,461,Service box - traffic area,33 11 00,SYM_WATR_SRVC_BOXS,,,,,,,
WATR-SRVC-462,WATR,SRVC,462,Meter installation - residential,33 11 00,SYM_WATR_SRVC_METR,,,,,,,
WATR-SRVC-463,WATR,SRVC,463,Meter installation - commercial,33 11 00,SYM_WATR_SRVC_METR,,,,,,,
WATR-SRVC-464,WATR,SRVC,464,"Meter vault - 2"" and smaller",33 11 00,SYM_WATR_VALT_METR,,,,,,,
WATR-SRVC-465,WATR,SRVC,465,"Meter vault - 3"" to 6""",33 11 00,SYM_WATR_VALT_METR,,,,,,,
WATR-SRVC-466,WATR,SRVC,466,Backflow preventer installation,33 11 00,,,,,,,,
WATR-SRVC-467,WATR,SRVC,467,Remote meter reader installation,33 11 00,SYM_WATR_METR_RMTE,,,,,,,
WATR-STRC-475,WATR,STRC,475,Water meter vault - large,33 11 00,,,,,,,,
WATR-STRC-476,WATR,STRC,476,Blow-off structure,33 11 00,SYM_WATR_BLOW_ASSM,,,,,,,
WATR-STRC-477,WATR,STRC,477,Pump station - schematic,33 12 00,SYM_WATR_PUMP_STAT,,,,,,,
WATR-STRC-478,WATR,STRC,478,Water tank connection detail,33 12 00,SYM_WATR_TANK_GRND,,,,,,,
SNTR-MNHL-500,SNTR,MNHL,500,Sanitary manhole types chart,33 39 00,,,,,,,,
SNTR-MNHL-501,SNTR,MNHL,501,"48"" sanitary manhole",33 39 00,SYM_SNTR_MNHL_48IN,P-SNTR-COLL-MNHL-STND,,,,,,
SNTR-MNHL-502,SNTR,MNHL,502,"60"" sanitary manhole",33 39 00,SYM_SNTR_MNHL_60IN,P-SNTR-COLL-MNHL-STND,,,,,,
SNTR-MNHL-503,SNTR,MNHL,503,"72"" sanitary manhole",33 39 00,SYM_SNTR_MNHL_72IN,P-SNTR-COLL-MNHL-STND,,,,,,
SNTR-MNHL-504,SNTR,MNHL,504,Drop manhole - inside drop,33 39 00,SYM_SNTR_MNHL_DROP,P-SNTR-COLL-MNHL-DROP,,,,,,
SNTR-MNHL-505,SNTR,MNHL,505,Drop manhole - outside drop,33 39 00,SYM_SNTR_MNHL_DROP,P-SNTR-COLL-MNHL-DROP,,,,,,
SNTR-MNHL-506,SNTR,MNHL,506,Manhole base - standard invert,33 39 00,,,,,,,,
SNTR-MNHL-507,SNTR,MNHL,507,Manhole base - deep invert,33 39 00,,,,,,,,
SNTR-MNHL-508,SNTR,MNHL,508,Manhole bench detail,33 39 00,,,,,,,,
SNTR-MNHL-509,SNTR,MNHL,509,Manhole frame and cover - sanitary,33 39 00,,,,,,,,
SNTR-MNHL-510,SNTR,MNHL,510,Manhole pipe connection - flexible,33 39 00,,,,,,,,
SNTR-MNHL-511,SNTR,MNHL,511,Manhole pipe connection - rigid,33 39 00,,,,,,,,
SNTR-MNHL-512,SNTR,MNHL,512,Manhole infiltration barrier,33 39 00,,,,,,,,
SNTR-MNHL-513,SNTR,MNHL,513,Manhole chimney seal,33 39 00,,,,,,,,
SNTR-PIPE-520,SNTR,PIPE,520,Sewer pipe materials chart,33 31 00,,,,,,,,
SNTR-PIPE-521,SNTR,PIPE,521,Sewer pipe bedding - Class A,33 31 00,,P-SNTR-COLL-PIPE-MAIN,,,,,,
SNTR-PIPE-522,SNTR,PIPE,522,Sewer pipe bedding - Class B,33 31 00,,P-SNTR-COLL-PIPE-MAIN,,,,,,
SNTR-PIPE-523,SNTR,PIPE,523,Sewer pipe bedding - Class C,33 31 00,,P-SNTR-COLL-PIPE-MAIN,,,,,,
SNTR-PIPE-524,SNTR,PIPE,524,Pipe joint - rubber gasket (gravity),33 31 00,,,,,,,,
SNTR-PIPE-525,SNTR,PIPE,525,Pipe joint - rubber gasket (pressure),33 31 00,,,,,,,,
SNTR-PIPE-526,SNTR,PIPE,526,Pipe depth of cover - gravity sewer,33 31 00,,,,,,,,
SNTR-PIPE-527,SNTR,PIPE,527,Pipe depth of cover - force main,33 31 00,,,,,,,,
SNTR-PIPE-528,SNTR,PIPE,528,Pipe abandonment - sanitary,33 31 00,,,,,,,,
SNTR-PIPE-529,SNTR,PIPE,529,Pipe connection to existing manhole,33 31 00,,,,,,,,
SNTR-PIPE-530,SNTR,PIPE,530,Pipe crossing - water over sewer,33 31 00,,,,,,,,
SNTR-PIPE-531,SNTR,PIPE,531,Pipe crossing - sewer over water,33 31 00,,,,,,,,
SNTR-PIPE-532,SNTR,PIPE,532,Sewer pipe testing - gravity,33 31 00,,,,,,,,
SNTR-PIPE-533,SNTR,PIPE,533,Sewer pipe testing - pressure,33 31 00,,,,,,,,
SNTR-CLOT-540,SNTR,CLOT,540,"Cleanout assembly - 4"" to 6""",33 31 00,SYM_SNTR_CLOT_STND,P-SNTR-COLL-CLOT-STND,,,,,,
SNTR-CLOT-541,SNTR,CLOT,541,"Cleanout assembly - 8"" and larger",33 31 00,SYM_SNTR_CLOT_STND,P-SNTR-COLL-CLOT-STND,,,,,,
SNTR-CLOT-542,SNTR,CLOT,542,Terminal cleanout detail,33 31 00,SYM_SNTR_CLOT_TERM,,,,,,,
SNTR-CLOT-543,SNTR,CLOT,543,Two-way cleanout detail,33 31 00,SYM_SNTR_CLOT_2WAY,,,,,,,
SNTR-CLOT-544,SNTR,CLOT,544,Cleanout extension detail,33 31 00,,,,,,,,
SNTR-CLOT-545,SNTR,CLOT,545,Lamp hole detail,33 31 00,SYM_SNTR_LAMP_HOLE,,,,,,,
SNTR-SRVC-555,SNTR,SRVC,555,"Service lateral - 4"" standard",33 31 00,SYM_SNTR_SRVC_CONN,,,,,,,
SNTR-SRVC-556,SNTR,SRVC,556,"Service lateral - 6"" standard",33 31 00,SYM_SNTR_SRVC_CONN,,,,,,,
SNTR-SRVC-557,SNTR,SRVC,557,Service lateral connection to main,33 31 00,,,,,,,,
SNTR-SRVC-558,SNTR,SRVC,558,Service lateral wye connection,33 31 00,SYM_SNTR_WYES_CONN,,,,,,,
SNTR-SRVC-559,SNTR,SRVC,559,Building sewer connection,33 31 00,,,,,,,,
SNTR-SRVC-560,SNTR,SRVC,560,Private cleanout installation,33 31 00,SYM_SNTR_SRVC_PRVT,,,,,,,
SNTR-SRVC-561,SNTR,SRVC,561,Service stub detail,33 31 00,SYM_SNTR_SRVC_STUB,,,,,,,
SNTR-SRVC-562,SNTR,SRVC,562,Grease trap/interceptor installation,33 31 00,,,,,,,,
SNTR-SRVC-563,SNTR,SRVC,563,Sand/oil interceptor,33 31 00,,,,,,,,
SNTR-LIFT-575,SNTR,LIFT,575,Lift station - schematic layout,33 32 00,SYM_SNTR_LIFT_STAT,,,,,,,
SNTR-LIFT-576,SNTR,LIFT,576,Wet well detail,33 32 00,SYM_SNTR_PUMP_WETW,,,,,,,
SNTR-LIFT-577,SNTR,LIFT,577,Valve vault detail,33 32 00,,,,,,,,
SNTR-LIFT-578,SNTR,LIFT,578,Force main piping detail,33 32 00,SYM_SNTR_FORC_MAIN,,,,,,,
SNTR-LIFT-579,SNTR,LIFT,579,Check valve installation,33 32 00,SYM_SNTR_CHEK_VALV,,,,,,,
SNTR-LIFT-580,SNTR,LIFT,580,Air release valve detail,33 32 00,SYM_SNTR_AIRR_VALV,,,,,,,
SNTR-LIFT-581,SNTR,LIFT,581,Emergency overflow structure,33 32 00,,,,,,,,
SNTR-SPEC-590,SNTR,SPEC,590,Inverted siphon detail,33 31 00,SYM_SNTR_INVT_SIFN,,,,,,,
SNTR-SPEC-591,SNTR,SPEC,591,Tide gate installation,33 31 00,SYM_SNTR_TIDE_GATE,,,,,,,
SNTR-SPEC-592,SNTR,SPEC,592,Septic tank - residential,33 36 00,SYM_SNTR_SEPT_TANK,,,,,,,
SNTR-SPEC-593,SNTR,SPEC,593,Septic tank - commercial,33 36 00,SYM_SNTR_SEPT_TANK,,,,,,,
SNTR-SPEC-594,SNTR,SPEC,594,Distribution box detail,33 36 00,SYM_SNTR_DIST_BOX,,,,,,,
SNTR-SPEC-595,SNTR,SPEC,595,Leach field layout,33 36 00,,,,,,,,
UTIL-ELEC-600,UTIL,ELEC,600,Electrical conduit trench,33 71 00,,,,,,,,
UTIL-ELEC-601,UTIL,ELEC,601,Conduit bank detail,33 71 00,,,,,,,,
UTIL-ELEC-602,UTIL,ELEC,602,Conduit under road crossing,33 71 00,,,,,,,,
UTIL-ELEC-603,UTIL,ELEC,603,Handhole - standard,33 71 00,SYM_ELEC_HAND_HOLE,,,,,,,
UTIL-ELEC-604,UTIL,ELEC,604,Handhole - traffic area,33 71 00,SYM_ELEC_HAND_HOLE,,,,,,,
UTIL-ELEC-605,UTIL,ELEC,605,Electrical manhole - precast,33 71 00,SYM_ELEC_MNHL_ELEC,,,,,,,
UTIL-ELEC-606,UTIL,ELEC,606,Pull box installation,33 71 00,SYM_ELEC_JNBX_PULL,,,,,,,
UTIL-ELEC-607,UTIL,ELEC,607,Transformer pad - ground mount,33 71 00,SYM_ELEC_XFMR_GRND,,,,,,,
UTIL-ELEC-608,UTIL,ELEC,608,Transformer pad - pad mount,33 71 00,SYM_ELEC_XFMR_POLE,,,,,,,
UTIL-ELEC-609,UTIL,ELEC,609,Light pole foundation - standard,33 71 00,SYM_ELEC_LGHT_POLE,,,,,,,
UTIL-ELEC-610,UTIL,ELEC,610,Light pole foundation - high wind,33 71 00,SYM_ELEC_LGHT_POLE,,,,,,,
UTIL-ELEC-611,UTIL,ELEC,611,Conduit riser protection,33 71 00,,,,,,,,
UTIL-ELEC-612,UTIL,ELEC,612,Warning/marker tape installation,33 71 00,,,,,,,,
UTIL-GAS_-625,UTIL,GAS_,625,Gas main installation - PE pipe,33 61 00,,,,,,,,
UTIL-GAS_-626,UTIL,GAS_,626,Gas main installation - steel pipe,33 61 00,,,,,,,,
UTIL-GAS_-627,UTIL,GAS_,627,Gas service connection,33 61 00,,,,,,,,
UTIL-GAS_-628,UTIL,GAS_,628,Gas meter installation - residential,33 61 00,,,,,,,,
UTIL-GAS_-629,UTIL,GAS_,629,Gas meter installation - commercial,33 61 00,,,,,,,,
UTIL-GAS_-630,UTIL,GAS_,630,Gas valve installation,33 61 00,,,,,,,,
UTIL-GAS_-631,UTIL,GAS_,631,Gas riser detail,33 61 00,,,,,,,,
UTIL-GAS_-632,UTIL,GAS_,632,Cathodic protection detail,33 61 00,,,,,,,,
UTIL-TELE-645,UTIL,TELE,645,Telecom conduit installation,33 81 00,,,,,,,,
UTIL-TELE-646,UTIL,TELE,646,Telecom handhole - standard,33 81 00,,,,,,,,
UTIL-TELE-647,UTIL,TELE,647,Telecom manhole - standard,33 81 00,,,,,,,,
UTIL-TELE-648,UTIL,TELE,648,Fiber optic conduit detail,33 81 00,,,,,,,,
UTIL-TELE-649,UTIL,TELE,649,Innerduct installation,33 81 00,,,,,,,,
UTIL-TELE-650,UTIL,TELE,650,Pedestal installation,33 81 00,,,,,,,,
UTIL-JONT-665,UTIL,JONT,665,Joint trench typical section,33 05 00,,,,,,,,
UTIL-JONT-666,UTIL,JONT,666,Utility separation requirements,33 05 00,,,,,,,,
UTIL-JONT-667,UTIL,JONT,667,Utility crossing details,33 05 00,,,,,,,,
UTIL-JONT-668,UTIL,JONT,668,Utility marker post installation,33 05 00,,,,,,,,
UTIL-JONT-669,UTIL,JONT,669,Utility identification tape,33 05 00,,,,,,,,
UTIL-MISC-680,UTIL,MISC,680,Concrete encasement detail,33 05 00,,,,,,,,
UTIL-MISC-681,UTIL,MISC,681,Abandonment procedures by utility type,33 05 00,,,,,,,,
UTIL-MISC-682,UTIL,MISC,682,Bore/jack typical detail,33 05 00,,,,,,,,
UTIL-MISC-683,UTIL,MISC,683,Utility vault access ladder,33 05 00,,,,,,,,
LAND-PLNT-700,LAND,PLNT,700,Tree planting - B&B (balled and burlapped),32 93 00,,,,,,,,
LAND-PLNT-701,LAND,PLNT,701,Tree planting - container grown,32 93 00,,,,,,,,
LAND-PLNT-702,LAND,PLNT,702,Tree planting - bare root,32 93 00,,,,,,,,
LAND-PLNT-703,LAND,PLNT,703,Tree staking - single stake,32 93 00,,,,,,,,
LAND-PLNT-704,LAND,PLNT,704,Tree staking - double stake,32 93 00,,,,,,,,
LAND-PLNT-705,LAND,PLNT,705,Tree staking - guy wire (large trees),32 93 00,,,,,,,,
LAND-PLNT-706,LAND,PLNT,706,Tree grate installation,32 93 00,,,,,,,,
LAND-PLNT-707,LAND,PLNT,707,Tree protection during construction,32 93 00,,,,,,,,
LAND-PLNT-708,LAND,PLNT,708,Root barrier installation,32 93 00,,,,,,,,
LAND-PLNT-709,LAND,PLNT,709,Tree pit detail - sidewalk/paving,32 93 00,,,,,,,,
LAND-PLNT-710,LAND,PLNT,710,Shrub planting - container,32 93 00,,,,,,,,
LAND-PLNT-711,LAND,PLNT,711,Shrub planting - B&B,32 93 00,,,,,,,,
LAND-PLNT-712,LAND,PLNT,712,Groundcover planting,32 93 00,,,,,,,,
LAND-PLNT-713,LAND,PLNT,713,Perennial planting bed,32 93 00,,,,,,,,
LAND-PLNT-714,LAND,PLNT,714,Annual planting bed,32 93 00,,,,,,,,
LAND-PLNT-715,LAND,PLNT,715,Soil amendment requirements,32 91 00,,,,,,,,
LAND-PLNT-716,LAND,PLNT,716,Mulch installation - bark/wood chips,32 91 00,,,,,,,,
LAND-PLNT-717,LAND,PLNT,717,Mulch installation - rock/stone,32 91 00,,,,,,,,
LAND-PLNT-718,LAND,PLNT,718,Planting soil mix specifications,32 91 00,,,,,,,,
LAND-PLNT-719,LAND,PLNT,719,Erosion control seeding,32 92 00,,,,,,,,
LAND-IRRI-730,LAND,IRRI,730,Irrigation mainline trench,32 84 00,,,,,,,,
LAND-IRRI-731,LAND,IRRI,731,Pipe bedding and backfill - irrigation,32 84 00,,,,,,,,
LAND-IRRI-732,LAND,IRRI,732,Mainline pipe materials chart,32 84 00,,,,,,,,
LAND-IRRI-733,LAND,IRRI,733,Thrust block for irrigation,32 84 00,,,,,,,,
LAND-IRRI-734,LAND,IRRI,734,Isolation valve installation,32 84 00,,,,,,,,
LAND-IRRI-735,LAND,IRRI,735,Master valve installation,32 84 00,,,,,,,,
LAND-IRRI-736,LAND,IRRI,736,Backflow preventer - RPZ,32 84 00,,,,,,,,
LAND-IRRI-737,LAND,IRRI,737,Backflow preventer - PVB,32 84 00,,,,,,,,
LAND-IRRI-738,LAND,IRRI,738,Backflow preventer - AVB,32 84 00,,,,,,,,
LAND-IRRI-739,LAND,IRRI,739,Point of connection detail,32 84 00,,,,,,,,
LAND-IRRI-740,LAND,IRRI,740,Meter installation - irrigation,32 84 00,,,,,,,,
LAND-IRRI-741,LAND,IRRI,741,Controller installation - wall mount,32 84 00,SYM_IRRI_CONT_CTRL,,,,,,,
LAND-IRRI-742,LAND,IRRI,742,Controller installation - pedestal,32 84 00,SYM_IRRI_CONT_CTRL,,,,,,,
LAND-IRRI-743,LAND,IRRI,743,Controller installation - in-ground vault,32 84 00,SYM_IRRI_CONT_CTRL,,,,,,,
LAND-IRRI-744,LAND,IRRI,744,Control valve installation - standard,32 84 00,SYM_IRRI_VALV_CTRL,,,,,,,
LAND-IRRI-745,LAND,IRRI,745,"Valve box installation - 6"" round",32 84 00,SYM_IRRI_BOXS_VALV,,,,,,,
LAND-IRRI-746,LAND,IRRI,746,"Valve box installation - 10"" round",32 84 00,SYM_IRRI_BOXS_VALV,,,,,,,
LAND-IRRI-747,LAND,IRRI,747,Valve box installation - rectangular,32 84 00,SYM_IRRI_BOXS_VALV,,,,,,,
LAND-IRRI-748,LAND,IRRI,748,Wire splice detail - direct burial,32 84 00,,,,,,,,
LAND-IRRI-749,LAND,IRRI,749,Wire splice detail - wire nut in box,32 84 00,SYM_IRRI_BOXS_WIRE,,,,,,,
LAND-IRRI-750,LAND,IRRI,750,Control wire installation,32 84 00,,,,,,,,
LAND-IRRI-760,LAND,IRRI,760,Rotor head installation - turf,32 84 00,SYM_IRRI_HEAD_ROTR,,,,,,,
LAND-IRRI-761,LAND,IRRI,761,Spray head installation - turf,32 84 00,SYM_IRRI_HEAD_SPRY,,,,,,,
LAND-IRRI-762,LAND,IRRI,762,Spray head installation - shrub bed,32 84 00,SYM_IRRI_HEAD_SPRY,,,,,,,
LAND-IRRI-763,LAND,IRRI,763,Bubbler installation,32 84 00,SYM_IRRI_HEAD_BUBL,,,,,,,
LAND-IRRI-764,LAND,IRRI,764,Drip irrigation layout - trees,32 84 00,SYM_IRRI_HEAD_DRIP,,,,,,,
LAND-IRRI-765,LAND,IRRI,765,Drip irrigation layout - shrubs,32 84 00,SYM_IRRI_HEAD_DRIP,,,,,,,
LAND-IRRI-766,LAND,IRRI,766,Drip irrigation layout - groundcover,32 84 00,SYM_IRRI_HEAD_DRIP,,,,,,,
LAND-IRRI-767,LAND,IRRI,767,Drip lateral installation,32 84 00,,,,,,,,
LAND-IRRI-768,LAND,IRRI,768,Emitter spacing chart,32 84 00,,,,,,,,
LAND-IRRI-769,LAND,IRRI,769,Quick coupler valve installation,32 84 00,SYM_IRRI_VALV_QKCP,,,,,,,
LAND-IRRI-770,LAND,IRRI,770,Flush valve/cap installation,32 84 00,,,,,,,,
LAND-IRRI-771,LAND,IRRI,771,Pressure regulator installation,32 84 00,,,,,,,,
LAND-IRRI-772,LAND,IRRI,772,Filter installation,32 84 00,,,,,,,,
LAND-STRC-780,LAND,STRC,780,Planter box - raised,32 93 00,,,,,,,,
LAND-STRC-781,LAND,STRC,781,Planter box - at grade,32 93 00,,,,,,,,
LAND-STRC-782,LAND,STRC,782,Planter wall detail,32 93 00,,,,,,,,
LAND-STRC-783,LAND,STRC,783,Tree well detail,32 93 00,,,,,,,,
LAND-STRC-784,LAND,STRC,784,Edging - metal,32 93 00,,,,,,,,
LAND-STRC-785,LAND,STRC,785,Edging - concrete mow strip,32 93 00,,,,,,,,
LAND-STRC-786,LAND,STRC,786,Edging - plastic/vinyl,32 93 00,,,,,,,,
LAND-STRC-787,LAND,STRC,787,Landscape lighting - path light,32 93 00,,,,,,,,
LAND-STRC-788,LAND,STRC,788,Landscape lighting - uplight,32 93 00,,,,,,,,
LAND-STRC-789,LAND,STRC,789,Landscape lighting - low voltage,32 93 00,,,,,,,,
PAVE-SECT-800,PAVE,SECT,800,Pavement types comparison chart,32 12 00,,,,,,,,
PAVE-SECT-801,PAVE,SECT,801,Asphalt pavement - residential driveway,32 12 16,,P-ROAD-PAVG-ASPH-SURF,,,,,,
PAVE-SECT-802,PAVE,SECT,802,Asphalt pavement - residential street,32 12 16,,P-ROAD-PAVG-ASPH-SURF,,,,,,
PAVE-SECT-803,PAVE,SECT,803,Asphalt pavement - collector street,32 12 16,,P-ROAD-PAVG-ASPH-SURF,,,,,,
PAVE-SECT-804,PAVE,SECT,804,Asphalt pavement - arterial street,32 12 16,,P-ROAD-PAVG-ASPH-SURF,,,,,,
PAVE-SECT-805,PAVE,SECT,805,Asphalt pavement - parking lot (light duty),32 12 16,,,,,,,,
PAVE-SECT-806,PAVE,SECT,806,Asphalt pavement - parking lot (heavy duty),32 12 16,,,,,,,,
PAVE-SECT-807,PAVE,SECT,807,Asphalt pavement - loading zone/truck area,32 12 16,,,,,,,,
PAVE-SECT-808,PAVE,SECT,808,Concrete pavement - residential driveway,32 13 13,,,,,,,,
PAVE-SECT-809,PAVE,SECT,809,Concrete pavement - residential street,32 13 13,,,,,,,,
PAVE-SECT-810,PAVE,SECT,810,Concrete pavement - collector street,32 13 13,,,,,,,,
PAVE-SECT-811,PAVE,SECT,811,Concrete pavement - parking lot,32 13 13,,,,,,,,
PAVE-SECT-812,PAVE,SECT,812,Unit paver section - pedestrian,32 14 00,,,,,,,,
PAVE-SECT-813,PAVE,SECT,813,Permeable pavement - porous asphalt,32 12 16,,,,,,,,
PAVE-SECT-814,PAVE,SECT,814,Permeable pavement - pervious concrete,32 13 13,,,,,,,,
PAVE-CURB-815,PAVE,CURB,815,Curb and gutter types diagram,32 16 00,,,,,,,,
PAVE-CURB-816,PAVE,CURB,816,"Vertical curb and gutter - 6"" reveal",32 16 00,,P-ROAD-PAVG-CURB-VERT,,,,,,
PAVE-CURB-817,PAVE,CURB,817,Rolled curb and gutter,32 16 00,,,,,,,,
PAVE-CURB-818,PAVE,CURB,818,Valley gutter section,32 16 00,,,,,,,,
PAVE-CURB-819,PAVE,CURB,819,Driveway approach - residential,32 16 00,,,,,,,,
PAVE-CURB-820,PAVE,CURB,820,Driveway approach - commercial,32 16 00,,,,,,,,
PAVE-CURB-821,PAVE,CURB,821,Curb radius detail,32 16 00,,,,,,,,
PAVE-CURB-822,PAVE,CURB,822,"Mountable curb - 4"" height",32 16 00,,,,,,,,
PAVE-CURB-823,PAVE,CURB,823,"Barrier curb - 9"" height",32 16 00,,,,,,,,
PAVE-CURB-824,PAVE,CURB,824,Extruded asphalt berm,32 16 00,,,,,,,,
PAVE-JONT-825,PAVE,JONT,825,Asphalt joint - longitudinal,32 12 16,,,,,,,,
PAVE-JONT-826,PAVE,JONT,826,Asphalt to concrete transition,32 12 16,,,,,,,,
PAVE-JONT-827,PAVE,JONT,827,Concrete expansion joint,32 13 13,,,,,,,,
PAVE-JONT-828,PAVE,JONT,828,Concrete contraction joint - sawcut,32 13 13,,,,,,,,
PAVE-JONT-829,PAVE,JONT,829,Concrete construction joint,32 13 13,,,,,,,,
PAVE-JONT-830,PAVE,JONT,830,Joint seal detail,32 13 13,,,,,,,,
PAVE-JONT-831,PAVE,JONT,831,Concrete reinforcement - wire mesh,32 13 13,,,,,,,,
PAVE-JONT-832,PAVE,JONT,832,Concrete reinforcement - rebar,32 13 13,,,,,,,,
PAVE-JONT-833,PAVE,JONT,833,Dowel bar placement - transverse,32 13 13,,,,,,,,
PAVE-JONT-834,PAVE,JONT,834,Tie bar placement - longitudinal,32 13 13,,,,,,,,
PAVE-REPR-835,PAVE,REPR,835,Asphalt overlay section,32 12 16,,,,,,,,
PAVE-REPR-836,PAVE,REPR,836,Mill and overlay section,32 12 16,,,,,,,,
PAVE-REPR-837,PAVE,REPR,837,Full depth pavement repair - asphalt,32 12 16,,,,,,,,
PAVE-REPR-838,PAVE,REPR,838,Full depth pavement repair - concrete,32 13 13,,,,,,,,
PAVE-REPR-839,PAVE,REPR,839,Partial depth concrete repair,32 13 13,,,,,,,,
PAVE-REPR-840,PAVE,REPR,840,Crack sealing procedure,32 12 16,,,,,,,,
PAVE-REPR-841,PAVE,REPR,841,Pothole repair detail,32 12 16,,,,,,,,
PAVE-REPR-842,PAVE,REPR,842,Utility trench restoration - permanent,32 12 16,,,,,,,,
PAVE-REPR-843,PAVE,REPR,843,Utility trench restoration - temporary,32 12 16,,,,,,,,
PAVE-REPR-844,PAVE,REPR,844,Saw cut and overlay detail,32 12 16,,,,,,,,
PAVE-SPEC-845,PAVE,SPEC,845,Speed hump/table profile,32 17 23,,,,,,,,
PAVE-SPEC-846,PAVE,SPEC,846,Speed cushion detail,32 17 23,,,,,,,,
PAVE-SPEC-847,PAVE,SPEC,847,Textured pavement - stamped concrete,32 13 13,,,,,,,,
PAVE-SPEC-848,PAVE,SPEC,848,Decorative paving patterns,32 14 00,,,,,,,,
PAVE-SPEC-849,PAVE,SPEC,849,Geotextile fabric under pavement,31 05 19,,,,,,,,
ADA-RAMP-850,ADA_,RAMP,850,ADA compliance overview diagram,32 17 13.13,,,2010 ADA §406,CBC 11B-406,,,,
ADA-RAMP-851,ADA_,RAMP,851,Perpendicular curb ramp (Type A),32 17 13.13,SYM_ADA__RAMP_PERP,P-ADA-ACCS-RAMP-CURB,2010 ADA §406.1,CBC 11B-406.1,,,,
ADA-RAMP-852,ADA_,RAMP,852,Parallel curb ramp (Type B),32 17 13.13,SYM_ADA__RAMP_PARA,P-ADA-ACCS-RAMP-CURB,2010 ADA §406.2,CBC 11B-406.2,,,,
ADA-RAMP-853,ADA_,RAMP,853,Combination curb ramp (Type C),32 17 13.13,,P-ADA-ACCS-RAMP-CURB,2010 ADA §406,CBC 11B-406,,,,
ADA-RAMP-854,ADA_,RAMP,854,Diagonal curb ramp (Type D),32 17 13.13,SYM_ADA__RAMP_DIAG,P-ADA-ACCS-RAMP-CURB,2010 ADA §406,CBC 11B-406,,,,
ADA-RAMP-855,ADA_,RAMP,855,Curb ramp - returned curb detail,32 17 13.13,,,2010 ADA §406.3,CBC 11B-406.3,,,,
ADA-RAMP-856,ADA_,RAMP,856,Curb ramp - flared sides detail,32 17 13.13,,,2010 ADA §406.4,CBC 11B-406.4,,,,
ADA-RAMP-857,ADA_,RAMP,857,Curb ramp - top landing requirements,32 17 13.13,,,2010 ADA §406.4,CBC 11B-406.4,,,,
ADA-RAMP-858,ADA_,RAMP,858,Curb ramp - gutter transition,32 17 13.13,,,2010 ADA §406,CBC 11B-406,,,,
ADA-RAMP-859,ADA_,RAMP,859,Pedestrian ramp - maximum slope 1:12,32 17 13.13,,P-ADA-ACCS-RAMP-WALK,2010 ADA §405.2,CBC 11B-405.2,,,,
ADA-RAMP-860,ADA_,RAMP,860,Pedestrian ramp - landings,32 17 13.13,,P-ADA-ACCS-RAMP-WALK,2010 ADA §405.7,CBC 11B-405.7,,,,
ADA-RAMP-861,ADA_,RAMP,861,Pedestrian ramp - handrail requirements,32 17 13.13,,,2010 ADA §405.8,CBC 11B-405.8,,,,
ADA-RAMP-862,ADA_,RAMP,862,Pedestrian ramp - edge protection,32 17 13.13,,,2010 ADA §405.9,CBC 11B-405.9,,,,
ADA-RAMP-863,ADA_,RAMP,863,Pedestrian ramp - switch-back configuration,32 17 13.13,,,2010 ADA §405,CBC 11B-405,,,,
ADA-RAMP-864,ADA_,RAMP,864,Transition from sidewalk to street,32 17 13.13,,,2010 ADA §406,CBC 11B-406,,,,
ADA-DETW-865,ADA_,DETW,865,Detectable warning surface - standard,32 18 16.13,SYM_ADA__DETW_SURF,P-ADA-ACCS-DETW-SURF,2010 ADA §705,CBC 11B-705,,,,
ADA-DETW-866,ADA_,DETW,866,Detectable warning - truncated dome pattern,32 18 16.13,SYM_ADA__DETW_SURF,P-ADA-ACCS-DETW-SURF,2010 ADA §705.1,CBC 11B-705.1,,,,
ADA-DETW-867,ADA_,DETW,867,Detectable warning - surface mount,32 18 16.13,,P-ADA-ACCS-DETW-SURF,2010 ADA §705,CBC 11B-705,,,,
ADA-DETW-868,ADA_,DETW,868,Detectable warning - cast-in-place,32 18 16.13,,P-ADA-ACCS-DETW-SURF,2010 ADA §705,CBC 11B-705,,,,
ADA-DETW-869,ADA_,DETW,869,Detectable warning - retrofit applications,32 18 16.13,,P-ADA-ACCS-DETW-SURF,2010 ADA §705,CBC 11B-705,,,,
ADA-PARK-870,ADA_,PARK,870,Accessible parking space - standard (8' + 5' aisle),32 17 13.13,SYM_ADA__PARK_STND,P-ADA-ACCS-PARK-SPCE,2010 ADA §502.2,CBC 11B-502.2,,,,
ADA-PARK-871,ADA_,PARK,871,Accessible parking space - van (11' + 5' aisle),32 17 13.13,SYM_ADA__PARK_VAN,P-ADA-ACCS-PARK-SPCE,2010 ADA §502.4,CBC 11B-502.4,,,,
ADA-PARK-872,ADA_,PARK,872,Accessible parking - shared aisle (8' wide),32 17 13.13,,P-ADA-ACCS-PARK-AISL,2010 ADA §502.3,CBC 11B-502.3,,,,
ADA-PARK-873,ADA_,PARK,873,Accessible parking - angled configuration,32 17 13.13,,,2010 ADA §502,CBC 11B-502,,,,
ADA-PARK-874,ADA_,PARK,874,Accessible parking - signage requirements,32 17 13.13,SYM_ADA__PARK_SIGN,,2010 ADA §502.6,CBC 11B-502.6,,,,
ADA-PARK-875,ADA_,PARK,875,Accessible parking - striping and marking,32 17 23,,,2010 ADA §502,CBC 11B-502,,,,
ADA-PARK-876,ADA_,PARK,876,Accessible parking - quantity requirements table,32 17 13.13,,,2010 ADA §208.2,CBC 11B-208.2,,,,
ADA-PARK-877,ADA_,PARK,877,Accessible loading zone - passenger,11 13 00,,,2010 ADA §503,CBC 11B-503,,,,
ADA-PARK-878,ADA_,PARK,878,Accessible loading zone - van-accessible,11 13 00,,,2010 ADA §503,CBC 11B-503,,,,
ADA-PARK-879,ADA_,PARK,879,Accessible parking surface slope requirements,32 17 13.13,,,2010 ADA §502.4,CBC 11B-502.4,,,,
ADA-WALK-880,ADA_,WALK,880,Accessible route - minimum width requirements,32 17 13.13,,P-ADA-ACCS-WALK-PATH,2010 ADA §403.5,CBC 11B-403.5,,,,
ADA-WALK-881,ADA_,WALK,881,"Accessible route - passing space (60"" x 60"")",32 17 13.13,SYM_ADA__PASS_SPCE,P-ADA-ACCS-WALK-PATH,2010 ADA §403.5,CBC 11B-403.5,,,,
ADA-WALK-882,ADA_,WALK,882,Accessible route - clear width at turns,32 17 13.13,,P-ADA-ACCS-WALK-PATH,2010 ADA §403.5,CBC 11B-403.5,,,,
ADA-WALK-883,ADA_,WALK,883,Accessible route - cross slope maximum 1:48,32 17 13.13,,P-ADA-ACCS-WALK-PATH,2010 ADA §403.3,CBC 11B-403.3,,,,
ADA-WALK-884,ADA_,WALK,884,Accessible route - running slope maximum 1:20,32 17 13.13,,P-ADA-ACCS-WALK-PATH,2010 ADA §403.3,CBC 11B-403.3,,,,
ADA-WALK-885,ADA_,WALK,885,Accessible route - surface requirements,32 17 13.13,,P-ADA-ACCS-WALK-PATH,2010 ADA §302,CBC 11B-302,,,,
ADA-WALK-886,ADA_,WALK,886,Accessible route - protruding objects,32 17 13.13,,,2010 ADA §307,CBC 11B-307,,,,
ADA-WALK-887,ADA_,WALK,887,Accessible route - overhead clearance,32 17 13.13,,,2010 ADA §307.2,CBC 11B-307.2,,,,
ADA-WALK-888,ADA_,WALK,888,Accessible route - changes in level,32 17 13.13,,,2010 ADA §303,CBC 11B-303,,,,
ADA-WALK-889,ADA_,WALK,889,Accessible route - gratings and openings,32 17 13.13,,,2010 ADA §302.3,CBC 11B-302.3,,,,
ADA-FURN-890,ADA_,FURN,890,Accessible picnic table - wheelchair space,32 90 00,FURN_ADA__TABL_ACCS,P-ADA-ACCS-SITE-FURN,2010 ADA §902,CBC 11B-902,,,,
ADA-FURN-891,ADA_,FURN,891,Accessible bench - companion seating,32 90 00,FURN_ADA__BNCH_ACCS,P-ADA-ACCS-SITE-FURN,2010 ADA §903,CBC 11B-903,,,,
ADA-FURN-892,ADA_,FURN,892,Accessible drinking fountain - dual height,32 90 00,FURN_ADA__FNTN_DUAL,P-ADA-ACCS-SITE-FURN,2010 ADA §602,CBC 11B-602,,,,
ADA-FURN-893,ADA_,FURN,893,Accessible trash/recycling receptacle,32 90 00,,P-ADA-ACCS-SITE-FURN,2010 ADA §308,CBC 11B-308,,,,
ADA-FURN-894,ADA_,FURN,894,Accessible bike rack - reach ranges,32 90 00,,P-ADA-ACCS-SITE-FURN,2010 ADA §308,CBC 11B-308,,,,
ADA-FURN-895,ADA_,FURN,895,Accessible signage - mounting height,32 90 00,SYM_ADA__SIGN_MNTH,,2010 ADA §703.4,CBC 11B-703.4,,,,
ADA-FURN-896,ADA_,FURN,896,Accessible signage - tactile characters,32 90 00,,,2010 ADA §703.2,CBC 11B-703.2,,,,
ADA-FURN-897,ADA_,FURN,897,Accessible signage - pictograms and Braille,32 90 00,,,2010 ADA §703.6,CBC 11B-703.6,,,,
ADA-FURN-898,ADA_,FURN,898,"Accessible clear floor space - 30"" x 48""",32 90 00,SYM_ADA__CLRN_FLOR,,2010 ADA §305,CBC 11B-305,,,,
ADA-FURN-899,ADA_,FURN,899,"Accessible turning space - 60"" diameter or T-turn",32 90 00,SYM_ADA__TURN_CIRC,P-ADA-ACCS-TURN-SPCE,2010 ADA §304,CBC 11B-304,,,,
TRFC-MARK-900,TRFC,MARK,900,Pavement marking standards overview,32 17 23,,,,,,,,
TRFC-MARK-901,TRFC,MARK,901,Centerline striping - double yellow,32 17 23,SYM_TRFC_STRP_DOUB,P-TRFC-CTRL-STRP-CNTR,,,,,,
TRFC-MARK-902,TRFC,MARK,902,Centerline striping - passing zone,32 17 23,,P-TRFC-CTRL-STRP-CNTR,,,,,,
TRFC-MARK-903,TRFC,MARK,903,Lane line striping - broken,32 17 23,SYM_TRFC_STRP_DASH,P-TRFC-CTRL-STRP-LANE,,,,,,
TRFC-MARK-904,TRFC,MARK,904,Lane line striping - solid,32 17 23,,P-TRFC-CTRL-STRP-LANE,,,,,,
TRFC-MARK-905,TRFC,MARK,905,Edge line striping,32 17 23,SYM_TRFC_STRP_EDGE,P-TRFC-CTRL-STRP-EDGE,,,,,,
TRFC-MARK-906,TRFC,MARK,906,Crosswalk marking - standard,32 17 23,SYM_TRFC_XWLK_MARK,P-TRFC-CTRL-STRP-XWLK,,,,,,
TRFC-MARK-907,TRFC,MARK,907,Crosswalk marking - continental style,32 17 23,SYM_TRFC_XWLK_MARK,P-TRFC-CTRL-STRP-XWLK,,,,,,
TRFC-MARK-908,TRFC,MARK,908,Crosswalk marking - ladder style,32 17 23,SYM_TRFC_XWLK_MARK,P-TRFC-CTRL-STRP-XWLK,,,,,,
TRFC-MARK-909,TRFC,MARK,909,Stop bar marking,32 17 23,,P-TRFC-CTRL-STRP-STOP,,,,,,
TRFC-MARK-910,TRFC,MARK,910,Yield line marking,32 17 23,SYM_TRFC_YILD_MARK,P-TRFC-CTRL-STRP-YILD,,,,,,
TRFC-MARK-911,TRFC,MARK,911,Turn arrow - left,32 17 23,SYM_TRFC_ARRW_TURN,,,,,,,
TRFC-MARK-912,TRFC,MARK,912,Turn arrow - right,32 17 23,SYM_TRFC_ARRW_TURN,,,,,,,
TRFC-MARK-913,TRFC,MARK,913,Turn arrow - straight/left combo,32 17 23,SYM_TRFC_ARRW_BOTH,,,,,,,
TRFC-MARK-914,TRFC,MARK,914,Bike lane marking,32 17 23,,,,,,,,
TRFC-MARK-915,TRFC,MARK,915,Parking space striping - standard,32 17 23,SYM_TRFC_PARK_STND,P-TRFC-CTRL-PARK-STND,,,,,,
TRFC-MARK-916,TRFC,MARK,916,Parking space striping - handicap,32 17 23,SYM_TRFC_PARK_HAND,P-TRFC-CTRL-PARK-HAND,,,,,,
TRFC-MARK-917,TRFC,MARK,917,Fire lane striping,32 17 23,,,,,,,,
TRFC-MARK-918,TRFC,MARK,918,Word markings - STOP SCHOOL etc.,32 17 23,SYM_TRFC_WORD_STOP,,,,,,,
TRFC-MARK-919,TRFC,MARK,919,Pavement marking removal methods,32 17 23,,,,,,,,
TRFC-SIGN-920,TRFC,SIGN,920,Sign mounting methods overview,10 14 53,,,,,,,,
TRFC-SIGN-921,TRFC,SIGN,921,Sign post - single post (wood),10 14 53,,,,,,,,
TRFC-SIGN-922,TRFC,SIGN,922,Sign post - single post (steel),10 14 53,,,,,,,,
TRFC-SIGN-923,TRFC,SIGN,923,Sign post - U-channel breakaway,10 14 53,,,,,,,,
TRFC-SIGN-924,TRFC,SIGN,924,Sign post - double post,10 14 53,,,,,,,,
TRFC-SIGN-925,TRFC,SIGN,925,Sign post - telespar,10 14 53,,,,,,,,
TRFC-SIGN-926,TRFC,SIGN,926,Sign mounted on pole - single,10 14 53,,,,,,,,
TRFC-SIGN-927,TRFC,SIGN,927,Sign mounted on pole - back-to-back,10 14 53,,,,,,,,
TRFC-SIGN-928,TRFC,SIGN,928,Sign mounted on mast arm,10 14 53,,,,,,,,
TRFC-SIGN-929,TRFC,SIGN,929,Sign mounted on overhead truss,10 14 53,,,,,,,,
TRFC-SIGN-930,TRFC,SIGN,930,Sign foundation - single post,10 14 53,,,,,,,,
TRFC-SIGN-931,TRFC,SIGN,931,Sign foundation - double post,10 14 53,,,,,,,,
TRFC-SIGN-932,TRFC,SIGN,932,Sign foundation - large sign structure,10 14 53,,,,,,,,
TRFC-SIGN-933,TRFC,SIGN,933,Concrete pad for sign post,10 14 53,,,,,,,,
TRFC-SIGN-934,TRFC,SIGN,934,Sign mounting hardware details,10 14 53,,,,,,,,
TRFC-SIGN-935,TRFC,SIGN,935,Breakaway connection detail,10 14 53,,,,,,,,
TRFC-SIGN-940,TRFC,SIGN,940,Regulatory sign standards,10 14 53,,,,,,,,
TRFC-SIGN-941,TRFC,SIGN,941,Warning sign standards,10 14 53,,,,,,,,
TRFC-SIGN-942,TRFC,SIGN,942,Guide sign standards,10 14 53,,,,,,,,
TRFC-SIGN-943,TRFC,SIGN,943,Street name sign detail,10 14 53,SYM_TRFC_SIGN_STRN,P-TRFC-CTRL-SIGN-STRT,,,,,,
TRFC-SIGN-944,TRFC,SIGN,944,Stop sign assembly,10 14 53,SYM_TRFC_SIGN_STOP,P-TRFC-CTRL-SIGN-REGL,,,,,,
TRFC-SIGN-945,TRFC,SIGN,945,Yield sign assembly,10 14 53,SYM_TRFC_SIGN_YILD,P-TRFC-CTRL-SIGN-REGL,,,,,,
TRFC-SIGN-946,TRFC,SIGN,946,Speed limit sign assembly,10 14 53,SYM_TRFC_SIGN_SPED,P-TRFC-CTRL-SIGN-REGL,,,,,,
TRFC-SIGN-947,TRFC,SIGN,947,No parking sign assembly,10 14 53,SYM_TRFC_SIGN_NOWP,P-TRFC-CTRL-SIGN-REGL,,,,,,
TRFC-SIGN-948,TRFC,SIGN,948,Handicap parking sign assembly,10 14 53,SYM_TRFC_SIGN_HAND,P-TRFC-CTRL-SIGN-REGL,,,,,,
TRFC-SIGN-949,TRFC,SIGN,949,Fire lane sign assembly,10 14 53,SYM_TRFC_SIGN_FIRE,,,,,,,
TRFC-SIGN-950,TRFC,SIGN,950,Bike route sign assembly,10 14 53,,,,,,,,
TRFC-SIGN-951,TRFC,SIGN,951,Pedestrian crossing sign assembly,10 14 53,,,,,,,,
TRFC-SIGN-952,TRFC,SIGN,952,School zone sign assembly,10 14 53,,,,,,,,
TRFC-SGNL-960,TRFC,SGNL,960,Traffic signal standards overview,33 71 01,,,,,,,,
TRFC-SGNL-961,TRFC,SGNL,961,Signal pole foundation,33 71 01,SYM_TRFC_LGHT_SIGN,P-TRFC-CTRL-SGNL-POLE,,,,,,
TRFC-SGNL-962,TRFC,SGNL,962,Signal pole - standard,33 71 01,SYM_TRFC_LGHT_SIGN,,,,,,,
TRFC-SGNL-963,TRFC,SGNL,963,Signal pole - breakaway,33 71 01,,,,,,,,
TRFC-SGNL-964,TRFC,SGNL,964,Signal mast arm detail,33 71 01,,,,,,,,
TRFC-SGNL-965,TRFC,SGNL,965,Signal head mounting,33 71 01,,,,,,,,
TRFC-SGNL-966,TRFC,SGNL,966,Pedestrian signal mounting,33 71 01,SYM_TRFC_LGHT_PPED,,,,,,,
TRFC-SGNL-967,TRFC,SGNL,967,Signal controller cabinet foundation,33 71 01,,,,,,,,
TRFC-SGNL-968,TRFC,SGNL,968,Signal controller cabinet detail,33 71 01,,,,,,,,
TRFC-SGNL-969,TRFC,SGNL,969,Signal conduit layout - typical intersection,33 71 01,,,,,,,,
TRFC-SGNL-970,TRFC,SGNL,970,Signal pull box locations,33 71 01,,,,,,,,
TRFC-SGNL-971,TRFC,SGNL,971,Signal detection loop layout,33 71 01,SYM_TRFC_DECT_LOOP,,,,,,,
TRFC-SGNL-972,TRFC,SGNL,972,Signal detection loop sawcut detail,33 71 01,,,,,,,,
TRFC-SGNL-973,TRFC,SGNL,973,Push button installation,33 71 01,,,,,,,,
TRFC-SGNL-974,TRFC,SGNL,974,Emergency vehicle preemption detector,33 71 01,,,,,,,,
TRFC-MISC-980,TRFC,MISC,980,Guardrail - W-beam,32 31 19,,,,,,,,
TRFC-MISC-981,TRFC,MISC,981,Guardrail - cable barrier,32 31 19,,,,,,,,
TRFC-MISC-982,TRFC,MISC,982,Guardrail end treatment,32 31 19,,,,,,,,
TRFC-MISC-983,TRFC,MISC,983,Barrier wall - concrete,32 31 19,,,,,,,,
TRFC-MISC-984,TRFC,MISC,984,Delineator post installation,10 14 53,,,,,,,,
TRFC-MISC-985,TRFC,MISC,985,Flexible delineator post,10 14 53,,,,,,,,
TRFC-MISC-986,TRFC,MISC,986,Object marker installation,10 14 53,,,,,,,,
TRFC-MISC-987,TRFC,MISC,987,Flashing beacon installation,33 71 01,SYM_TRFC_LGHT_FLSH,,,,,,,
TRFC-MISC-988,TRFC,MISC,988,School zone flasher,33 71 01,,,,,,,,
TRFC-MISC-989,TRFC,MISC,989,Temporary traffic control setup,01 55 26,,,,,,,,
TRFC-MISC-990,TRFC,MISC,990,Construction signage layout,01 55 26,,,,,,,,
TRFC-MISC-991,TRFC,MISC,991,Barricade types,01 55 26,,,,,,,,
TRFC-MISC-992,TRFC,MISC,992,Traffic cone specifications,01 55 26,,,MAIN-400,WATR,MAIN,400,Water pipe materials chart,33 11 00
WATR-MAIN-401,WATR,MAIN,401,"Water main trench - 6"" to 8"" pipe",33 11 00,,P-WATR-DIST-PIPE-MAIN,,,,,,
WATR-MAIN-402,WATR,MAIN,402,"Water main trench - 10"" to 12"" pipe",33 11 00,,P-WATR-DIST-PIPE-MAIN,,,,,,
WATR-MAIN-403,WATR,MAIN,403,"Water main trench - 16"" and larger",33 11 00,,P-WATR-DIST-PIPE-MAIN,,,,,,
WATR-MAIN-404,WATR,MAIN,404,Pipe bedding and backfill - water,33 11 00,,,,,,,,
WATR-MAIN-405,WATR,MAIN,405,Restrained joint - mechanical,33 11 00,,,,,,,,
WATR-MAIN-406,WATR,MAIN,406,Restrained joint - concrete thrust block,33 11 00,,,,,,,,
WATR-MAIN-407,WATR,MAIN,407,Thrust block sizing chart,33 11 00,,,,,,,,
WATR-MAIN-408,WATR,MAIN,408,Pipe joint - push-on,33 11 00,,,,,,,,
WATR-MAIN-409,WATR,MAIN,409,Pipe joint - mechanical,33 11 00,,,,,,,,
WATR-MAIN-410,WATR,MAIN,410,Pipe sleeve under road,33 11 00,,,,,,,,
WATR-MAIN-411,WATR,MAIN,411,Pipe insulation - shallow depth,33 11 00,,,,,,,,
WATR-MAIN-412,WATR,MAIN,412,Pipe tracer wire installation,33 11 00,,,,,,,,
WATR-MAIN-413,WATR,MAIN,413,Water main abandonment,33 11 00,,,,,,,,
WATR-MAIN-414,WATR,MAIN,414,Water main connection to existing,33 11 00,,,,,,,,
WATR-MAIN-415,WATR,MAIN,415,Water main pressure testing,33 11 00,,,,,,,,
WATR-VALV-420,WATR,VALV,420,"Gate valve installation - 4"" to 8""",33 12 00,SYM_WATR_VALV_GATE,P-WATR-DIST-VALV-STND,,,,,,
WATR-VALV-421,WATR,VALV,421,"Gate valve installation - 10"" to 16""",33 12 00,SYM_WATR_VALV_GATE,P-WATR-DIST-VALV-STND,,,,,,
WATR-VALV-422,WATR,VALV,422,Butterfly valve installation,33 12 00,SYM_WATR_VALV_BTFY,,,,,,,
WATR-VALV-423,WATR,VALV,423,Check valve installation,33 12 00,SYM_WATR_VALV_CHEK,,,,,,,
WATR-VALV-424,WATR,VALV,424,Air release valve assembly,33 12 00,SYM_WATR_VALV_AIRR,,,,,,,
WATR-VALV-425,WATR,VALV,425,Blowoff valve assembly,33 12 00,SYM_WATR_VALV_BLOF,,,,,,,
WATR-VALV-426,WATR,VALV,426,Pressure reducing valve vault,33 12 00,SYM_WATR_VALV_PRVR,,,,,,,
WATR-VALV-427,WATR,VALV,427,Valve box installation - standard,33 12 00,,,,,,,,
WATR-VALV-428,WATR,VALV,428,Valve box installation - traffic area,33 12 00,,,,,,,,
WATR-VALV-429,WATR,VALV,429,Valve vault - precast,33 12 00,SYM_WATR_VALT_VALV,,,,,,,
WATR-VALV-430,WATR,VALV,430,Valve vault - cast-in-place,33 12 00,SYM_WATR_VALT_VALV,,,,,,,
WATR-VALV-431,WATR,VALV,431,Valve operating nut detail,33 12 00,,,,,,,,
WATR-HYDR-440,WATR,HYDR,440,Fire hydrant assembly - standard,33 12 00,SYM_WATR_HYDR_STND,P-WATR-DIST-HYDR-STND,,,,,,
WATR-HYDR-441,WATR,HYDR,441,Fire hydrant assembly - California style,33 12 00,SYM_WATR_HYDR_STND,,,,,,,
WATR-HYDR-442,WATR,HYDR,442,Fire hydrant lateral connection,33 12 00,,,,,,,,
WATR-HYDR-443,WATR,HYDR,443,Fire hydrant gate valve detail,33 12 00,,,,,,,,
WATR-HYDR-444,WATR,HYDR,444,Fire hydrant thrust blocking,33 12 00,,,,,,,,
WATR-HYDR-445,WATR,HYDR,445,Fire hydrant drainage,33 12 00,,,,,,,,
WATR-HYDR-446,WATR,HYDR,446,Private fire hydrant detail,33 12 00,SYM_WATR_HYDR_PRIV,,,,,,,
WATR-SRVC-455,WATR,SRVC,455,"Service connection - 1"" copper",33 11 00,SYM_WATR_SRVC_CONN,,,,,,,
WATR-SRVC-456,WATR,SRVC,456,"Service connection - 1½"" copper",33 11 00,SYM_WATR_SRVC_CONN,,,,,,,
WATR-SRVC-457,WATR,SRVC,457,"Service connection - 2"" copper",33 11 00,SYM_WATR_SRVC_CONN,,,,,,,