Block_Name,Type_Prefix,Discipline,Element,Size_Variant,Category,Description
SYM_STRM_MNHL_24IN,SYM,STRM,MNHL,24IN,Storm Drainage - Manholes,"24"" storm manhole"
SYM_STRM_MNHL_36IN,SYM,STRM,MNHL,36IN,Storm Drainage - Manholes,"36"" storm manhole"
SYM_STRM_MNHL_48IN,SYM,STRM,MNHL,48IN,Storm Drainage - Manholes,"48"" storm manhole"
SYM_STRM_MNHL_60IN,SYM,STRM,MNHL,60IN,Storm Drainage - Manholes,"60"" storm manhole"
SYM_STRM_MNHL_RECT,SYM,STRM,MNHL,RECT,Storm Drainage - Manholes,Rectangular storm structure
SYM_STRM_DMHI_48IN,SYM,STRM,DMHI,48IN,Storm Drainage - Manholes,"48"" drop manhole inlet"
SYM_STRM_DMHI_60IN,SYM,STRM,DMHI,60IN,Storm Drainage - Manholes,"60"" drop manhole inlet"
SYM_STRM_CTBS_TYPE1,SYM,STRM,CTBS,TYPE1,Storm Drainage - Catch Basins,Type 1 catch basin (standard curb inlet)
SYM_STRM_CTBS_TYPE2,SYM,STRM,CTBS,TYPE2,Storm Drainage - Catch Basins,Type 2 catch basin (grated inlet)
SYM_STRM_CTBS_AREA,SYM,STRM,CTBS,AREA,Storm Drainage - Catch Basins,Area drain catch basin
SYM_STRM_INLET_CURB,SYM,STRM,INLET,CURB,Storm Drainage - Catch Basins,Curb inlet
SYM_STRM_INLET_GRAT,SYM,STRM,INLET,GRAT,Storm Drainage - Catch Basins,Grated inlet
SYM_STRM_INLET_TRCH,SYM,STRM,INLET,TRCH,Storm Drainage - Catch Basins,Trench drain inlet
SYM_STRM_INLET_YARD,SYM,STRM,INLET,YARD,Storm Drainage - Catch Basins,Yard drain inlet
SYM_STRM_JNBX_24IN,SYM,STRM,JNBX,24IN,Storm Drainage - Junction Boxes,"24"" junction box"
SYM_STRM_JNBX_36IN,SYM,STRM,JNBX,36IN,Storm Drainage - Junction Boxes,"36"" junction box"
SYM_STRM_CLOT_MNHL,SYM,STRM,CLOT,MNHL,Storm Drainage - Cleanouts,Cleanout at manhole
SYM_STRM_CLOT_PIPE,SYM,STRM,CLOT,PIPE,Storm Drainage - Cleanouts,Cleanout on pipe
SYM_STRM_OTLT_PIPE,SYM,STRM,OTLT,PIPE,Storm Drainage - Outlets,Pipe outlet
SYM_STRM_OTLT_FLRD,SYM,STRM,OTLT,FLRD,Storm Drainage - Outlets,Flared end section
SYM_STRM_HDWL_CONC,SYM,STRM,HDWL,CONC,Storm Drainage - Outlets,Concrete headwall
SYM_STRM_HDWL_RBBL,SYM,STRM,HDWL,RBBL,Storm Drainage - Outlets,Rubble headwall
SYM_STRM_ENRG_DISS,SYM,STRM,ENRG,DISS,Storm Drainage - Outlets,Energy dissipator
SYM_STRM_POND_DETN,SYM,STRM,POND,DETN,Storm Drainage - Detention,Detention pond symbol
SYM_STRM_POND_RETN,SYM,STRM,POND,RETN,Storm Drainage - Detention,Retention pond symbol
SYM_STRM_SWLE_BIOF,SYM,STRM,SWLE,BIOF,Storm Drainage - Detention,Biofilter swale
SYM_STRM_QLTY_UNIT,SYM,STRM,QLTY,UNIT,Storm Drainage - Detention,Water quality unit
SYM_STRM_QLTY_MDIA,SYM,STRM,QLTY,MDIA,Storm Drainage - Detention,Media filter
SYM_STRM_QLTY_SEPT,SYM,STRM,QLTY,SEPT,Storm Drainage - Detention,Oil/water separator
SYM_STRM_UNDR_CLOT,SYM,STRM,UNDR,CLOT,Storm Drainage - Underdrains,Underdrain cleanout
SYM_STRM_UNDR_CONN,SYM,STRM,UNDR,CONN,Storm Drainage - Underdrains,Underdrain connection
SYM_STRM_FLTR_STRP,SYM,STRM,FLTR,STRP,Storm Drainage - Underdrains,Filter strip symbol
SYM_STRM_CULV_SING,SYM,STRM,CULV,SING,Storm Drainage - Culverts,Single barrel culvert
SYM_STRM_CULV_DUBL,SYM,STRM,CULV,DUBL,Storm Drainage - Culverts,Double barrel culvert
SYM_STRM_CULV_TRPL,SYM,STRM,CULV,TRPL,Storm Drainage - Culverts,Triple barrel culvert
SYM_STRM_CULV_ARCH,SYM,STRM,CULV,ARCH,Storm Drainage - Culverts,Arch culvert
SYM_STRM_CULV_BOX,SYM,STRM,CULV,BOX,Storm Drainage - Culverts,Box culvert
ANN_STRM_RIMN_ELEV,ANN,STRM,RIMN,ELEV,Storm Drainage - Annotations,Rim/invert elevation tag
ANN_STRM_PIPE_SIZE,ANN,STRM,PIPE,SIZE,Storm Drainage - Annotations,Pipe size/material label
ANN_STRM_SLPE_DIR,ANN,STRM,SLPE,DIR,Storm Drainage - Annotations,Slope direction arrow
ANN_STRM_FLOW_DIR,ANN,STRM,FLOW,DIR,Storm Drainage - Annotations,Flow direction arrow
ANN_STRM_CALL_DTLS,ANN,STRM,CALL,DTLS,Storm Drainage - Annotations,Detail callout
SYM_WATR_VALV_GATE,SYM,WATR,VALV,GATE,Water Utility - Valves,Gate valve
SYM_WATR_VALV_BTFY,SYM,WATR,VALV,BTFY,Water Utility - Valves,Butterfly valve
SYM_WATR_VALV_CHEK,SYM,WATR,VALV,CHEK,Water Utility - Valves,Check valve
SYM_WATR_VALV_AIRR,SYM,WATR,VALV,AIRR,Water Utility - Valves,Air release valve
SYM_WATR_VALV_PRVR,SYM,WATR,VALV,PRVR,Water Utility - Valves,Pressure reducing valve
SYM_WATR_VALV_BLOF,SYM,WATR,VALV,BLOF,Water Utility - Valves,Blowoff valve
SYM_WATR_HYDR_STND,SYM,WATR,HYDR,STND,Water Utility - Hydrants,Standard fire hydrant
SYM_WATR_HYDR_PRIV,SYM,WATR,HYDR,PRIV,Water Utility - Hydrants,Private fire hydrant
SYM_WATR_SRVC_CONN,SYM,WATR,SRVC,CONN,Water Utility - Service,Service connection
SYM_WATR_SRVC_METR,SYM,WATR,SRVC,METR,Water Utility - Service,Water meter location
SYM_WATR_SRVC_BOXS,SYM,WATR,SRVC,BOXS,Water Utility - Service,Service box
SYM_WATR_FITT_TEE,SYM,WATR,FITT,TEE,Water Utility - Fittings,Tee fitting
SYM_WATR_FITT_ELBO,SYM,WATR,FITT,ELBO,Water Utility - Fittings,Elbow fitting
SYM_WATR_FITT_RCDR,SYM,WATR,FITT,RCDR,Water Utility - Fittings,Reducer fitting
SYM_WATR_FITT_PLUG,SYM,WATR,FITT,PLUG,Water Utility - Fittings,Plug/cap
SYM_WATR_BLOW_ASSM,SYM,WATR,BLOW,ASSM,Water Utility - Fittings,Blowoff assembly
SYM_WATR_FITT_SLEV,SYM,WATR,FITT,SLEV,Water Utility - Fittings,Sleeve/casing
SYM_WATR_VALT_VALV,SYM,WATR,VALT,VALV,Water Utility - Vaults,Valve vault
SYM_WATR_VALT_METR,SYM,WATR,VALT,METR,Water Utility - Vaults,Meter vault
SYM_WATR_VALT_CONN,SYM,WATR,VALT,CONN,Water Utility - Vaults,Connection vault
SYM_WATR_METR_PITS,SYM,WATR,METR,PITS,Water Utility - Vaults,Meter pit
SYM_WATR_METR_RMTE,SYM,WATR,METR,RMTE,Water Utility - Vaults,Remote meter reader
SYM_WATR_TANK_ELEV,SYM,WATR,TANK,ELEV,Water Utility - Tanks,Elevated water tank
SYM_WATR_TANK_GRND,SYM,WATR,TANK,GRND,Water Utility - Tanks,Ground storage tank
SYM_WATR_PUMP_STAT,SYM,WATR,PUMP,STAT,Water Utility - Pumps,Pump station
SYM_WATR_PUMP_BSTR,SYM,WATR,PUMP,BSTR,Water Utility - Pumps,Booster pump
ANN_WATR_SIZE_TYPE,ANN,WATR,SIZE,TYPE,Water Utility - Annotations,Pipe size/material tag
ANN_WATR_PRES_ZONE,ANN,WATR,PRES,ZONE,Water Utility - Annotations,Pressure zone label
ANN_WATR_FLOW_TEST,ANN,WATR,FLOW,TEST,Water Utility - Annotations,Flow test data
ANN_WATR_CALL_DTLS,ANN,WATR,CALL,DTLS,Water Utility - Annotations,Detail callout
SYM_SNTR_MNHL_48IN,SYM,SNTR,MNHL,48IN,Sanitary Sewer - Manholes,"48"" sanitary manhole"
SYM_SNTR_MNHL_60IN,SYM,SNTR,MNHL,60IN,Sanitary Sewer - Manholes,"60"" sanitary manhole"
SYM_SNTR_MNHL_72IN,SYM,SNTR,MNHL,72IN,Sanitary Sewer - Manholes,"72"" sanitary manhole"
SYM_SNTR_MNHL_DROP,SYM,SNTR,MNHL,DROP,Sanitary Sewer - Manholes,Drop manhole
SYM_SNTR_LIFT_STAT,SYM,SNTR,LIFT,STAT,Sanitary Sewer - Manholes,Lift station
SYM_SNTR_CLOT_STND,SYM,SNTR,CLOT,STND,Sanitary Sewer - Cleanouts,Standard cleanout
SYM_SNTR_CLOT_TERM,SYM,SNTR,CLOT,TERM,Sanitary Sewer - Cleanouts,Terminal cleanout
SYM_SNTR_CLOT_2WAY,SYM,SNTR,CLOT,2WAY,Sanitary Sewer - Cleanouts,2-way cleanout
SYM_SNTR_LAMP_HOLE,SYM,SNTR,LAMP,HOLE,Sanitary Sewer - Cleanouts,Lamp hole
SYM_SNTR_SRVC_CONN,SYM,SNTR,SRVC,CONN,Sanitary Sewer - Service,Service lateral connection
SYM_SNTR_SRVC_STUB,SYM,SNTR,SRVC,STUB,Sanitary Sewer - Service,Service stub
SYM_SNTR_SRVC_PRVT,SYM,SNTR,SRVC,PRVT,Sanitary Sewer - Service,Private cleanout
SYM_SNTR_WYES_CONN,SYM,SNTR,WYES,CONN,Sanitary Sewer - Service,Wye connection
SYM_SNTR_PUMP_STAT,SYM,SNTR,PUMP,STAT,Sanitary Sewer - Force Mains,Pump station
SYM_SNTR_PUMP_WETW,SYM,SNTR,PUMP,WETW,Sanitary Sewer - Force Mains,Wet well
SYM_SNTR_FORC_MAIN,SYM,SNTR,FORC,MAIN,Sanitary Sewer - Force Mains,Force main valve
SYM_SNTR_AIRR_VALV,SYM,SNTR,AIRR,VALV,Sanitary Sewer - Force Mains,Air release valve
SYM_SNTR_CHEK_VALV,SYM,SNTR,CHEK,VALV,Sanitary Sewer - Force Mains,Check valve
SYM_SNTR_JNBX_STD,SYM,SNTR,JNBX,STD,Sanitary Sewer - Specialty,Junction box
SYM_SNTR_INVT_SIFN,SYM,SNTR,INVT,SIFN,Sanitary Sewer - Specialty,Inverted siphon
SYM_SNTR_TIDE_GATE,SYM,SNTR,TIDE,GATE,Sanitary Sewer - Specialty,Tide gate/flap valve
SYM_SNTR_SEPT_TANK,SYM,SNTR,SEPT,TANK,Sanitary Sewer - Specialty,Septic tank
SYM_SNTR_DIST_BOX,SYM,SNTR,DIST,BOX,Sanitary Sewer - Specialty,Distribution box
ANN_SNTR_RIMN_ELEV,ANN,SNTR,RIMN,ELEV,Sanitary Sewer - Annotations,Rim/invert elevation tag
ANN_SNTR_PIPE_INFO,ANN,SNTR,PIPE,INFO,Sanitary Sewer - Annotations,Pipe size/slope label
ANN_SNTR_FLOW_DIR,ANN,SNTR,FLOW,DIR,Sanitary Sewer - Annotations,Flow direction arrow
ANN_SNTR_CALL_DTLS,ANN,SNTR,CALL,DTLS,Sanitary Sewer - Annotations,Detail callout
SYM_SITE_WALL_RTNG,SYM,SITE,WALL,RTNG,Site Improvements - Hardscape,Retaining wall symbol
SYM_SITE_WALL_FREE,SYM,SITE,WALL,FREE,Site Improvements - Hardscape,Freestanding wall
SYM_SITE_FNCE_CHNL,SYM,SITE,FNCE,CHNL,Site Improvements - Hardscape,Chain link fence
SYM_SITE_FNCE_WOOD,SYM,SITE,FNCE,WOOD,Site Improvements - Hardscape,Wood fence
SYM_SITE_FNCE_ORNM,SYM,SITE,FNCE,ORNM,Site Improvements - Hardscape,Ornamental fence
SYM_SITE_GATE_SING,SYM,SITE,GATE,SING,Site Improvements - Hardscape,Single gate
SYM_SITE_GATE_DUBL,SYM,SITE,GATE,DUBL,Site Improvements - Hardscape,Double gate
SYM_SITE_GATE_AUTO,SYM,SITE,GATE,AUTO,Site Improvements - Hardscape,Automatic gate
FURN_SITE_BNCH_6FT,FURN,SITE,BNCH,6FT,Site Improvements - Furniture,6' bench
FURN_SITE_BNCH_8FT,FURN,SITE,BNCH,8FT,Site Improvements - Furniture,8' bench
FURN_SITE_TABL_RECT,FURN,SITE,TABL,RECT,Site Improvements - Furniture,Rectangular table
FURN_SITE_TABL_ROND,FURN,SITE,TABL,ROND,Site Improvements - Furniture,Round picnic table
FURN_SITE_TRSH_RCPT,FURN,SITE,TRSH,RCPT,Site Improvements - Furniture,Trash receptacle
FURN_SITE_RCYL_RCPT,FURN,SITE,RCYL,RCPT,Site Improvements - Furniture,Recycling receptacle
FURN_SITE_BOLR_POST,FURN,SITE,BOLR,POST,Site Improvements - Furniture,Bollard - post style
FURN_SITE_BOLR_RMVB,FURN,SITE,BOLR,RMVB,Site Improvements - Furniture,Bollard - removable
FURN_SITE_BIKE_RACK,FURN,SITE,BIKE,RACK,Site Improvements - Bike/Pedestrian,Bike rack
FURN_SITE_BIKE_LOOP,FURN,SITE,BIKE,LOOP,Site Improvements - Bike/Pedestrian,Bike locker
SYM_SITE_SIDW_RAMP,SYM,SITE,SIDW,RAMP,Site Improvements - Bike/Pedestrian,Sidewalk ramp
SYM_SITE_CROS_WALK,SYM,SITE,CROS,WALK,Site Improvements - Bike/Pedestrian,Crosswalk marking
SYM_SITE_DETC_WARN,SYM,SITE,DETC,WARN,Site Improvements - Bike/Pedestrian,Detectable warning
SYM_SITE_UTIL_POLE,SYM,SITE,UTIL,POLE,Site Improvements - Utilities,Utility pole
SYM_SITE_MNHL_COVR,SYM,SITE,MNHL,COVR,Site Improvements - Utilities,Utility manhole cover
SYM_SITE_HAND_HOLE,SYM,SITE,HAND,HOLE,Site Improvements - Utilities,Handhole
SYM_SITE_PEDL_GATE,SYM,SITE,PEDL,GATE,Site Improvements - Utilities,Pedestrian gate
SYM_SITE_SHLT_TRAN,SYM,SITE,SHLT,TRAN,Site Improvements - Structures,Transit shelter
SYM_SITE_KISK_INFO,SYM,SITE,KISK,INFO,Site Improvements - Structures,Information kiosk
SYM_SITE_PRGL_STND,SYM,SITE,PRGL,STND,Site Improvements - Structures,Pergola structure
SYM_SITE_GZBO_STND,SYM,SITE,GZBO,STND,Site Improvements - Structures,Gazebo
SYM_SITE_PAVG_ASPH,SYM,SITE,PAVG,ASPH,Site Improvements - Paving,Asphalt paving hatch
SYM_SITE_PAVG_CONC,SYM,SITE,PAVG,CONC,Site Improvements - Paving,Concrete paving hatch
SYM_SITE_PAVG_UNIT,SYM,SITE,PAVG,UNIT,Site Improvements - Paving,Unit paver hatch
SYM_SITE_PAVG_GRVL,SYM,SITE,PAVG,GRVL,Site Improvements - Paving,Gravel surface hatch
ANN_SITE_ELEV_MARK,ANN,SITE,ELEV,MARK,Site Improvements - Annotations,Elevation marker
ANN_SITE_MATL_NOTE,ANN,SITE,MATL,NOTE,Site Improvements - Annotations,Material note
ANN_SITE_CALL_DTLS,ANN,SITE,CALL,DTLS,Site Improvements - Annotations,Detail callout
PLNT_LAND_TREE_DEC_SM,PLNT,LAND,TREE,DEC_SM,Landscape - Trees Deciduous,Deciduous tree small (plan)
PLNT_LAND_TREE_DEC_MD,PLNT,LAND,TREE,DEC_MD,Landscape - Trees Deciduous,Deciduous tree medium (plan)
PLNT_LAND_TREE_DEC_LG,PLNT,LAND,TREE,DEC_LG,Landscape - Trees Deciduous,Deciduous tree large (plan)
PLNT_LAND_TREE_DEC_ELEV,PLNT,LAND,TREE,DEC_ELEV,Landscape - Trees Deciduous,Deciduous tree elevation
PLNT_LAND_TREE_EVR_SM,PLNT,LAND,TREE,EVR_SM,Landscape - Trees Evergreen,Evergreen tree small (plan)
PLNT_LAND_TREE_EVR_MD,PLNT,LAND,TREE,EVR_MD,Landscape - Trees Evergreen,Evergreen tree medium (plan)
PLNT_LAND_TREE_EVR_LG,PLNT,LAND,TREE,EVR_LG,Landscape - Trees Evergreen,Evergreen tree large (plan)
PLNT_LAND_TREE_EVR_ELEV,PLNT,LAND,TREE,EVR_ELEV,Landscape - Trees Evergreen,Evergreen tree elevation
PLNT_LAND_TREE_PALM,PLNT,LAND,TREE,PALM,Landscape - Trees Specialty,Palm tree
PLNT_LAND_TREE_MULT,PLNT,LAND,TREE,MULT,Landscape - Trees Specialty,Multi-trunk tree
PLNT_LAND_TREE_ORNA,PLNT,LAND,TREE,ORNA,Landscape - Trees Specialty,Ornamental tree
PLNT_LAND_SHRB_LOW,PLNT,LAND,SHRB,LOW,Landscape - Shrubs,"Low shrub (12-24"")"
PLNT_LAND_SHRB_MED,PLNT,LAND,SHRB,MED,Landscape - Shrubs,"Medium shrub (24-48"")"
PLNT_LAND_SHRB_TALL,PLNT,LAND,SHRB,TALL,Landscape - Shrubs,"Tall shrub (48""+)"
PLNT_LAND_SHRB_MASS,PLNT,LAND,SHRB,MASS,Landscape - Shrubs,Mass shrub planting
PLNT_LAND_SHRB_HDGE,PLNT,LAND,SHRB,HDGE,Landscape - Shrubs,Hedge row
PLNT_LAND_GRND_COVR,PLNT,LAND,GRND,COVR,Landscape - Groundcover,Groundcover area
PLNT_LAND_GRAS_ORNA,PLNT,LAND,GRAS,ORNA,Landscape - Groundcover,Ornamental grass
PLNT_LAND_GRAS_MASS,PLNT,LAND,GRAS,MASS,Landscape - Groundcover,Grass mass planting
PLNT_LAND_LAWN_TURF,PLNT,LAND,LAWN,TURF,Landscape - Groundcover,Lawn/turf area
PLNT_LAND_VINE_WALL,PLNT,LAND,VINE,WALL,Landscape - Vines,Wall-climbing vine
PLNT_LAND_VINE_GRND,PLNT,LAND,VINE,GRND,Landscape - Vines,Ground vine
PLNT_LAND_PERN_FLOW,PLNT,LAND,PERN,FLOW,Landscape - Vines,Perennial flower
PLNT_LAND_ANNL_FLOW,PLNT,LAND,ANNL,FLOW,Landscape - Vines,Annual flower bed
SYM_IRRI_HEAD_ROTR,SYM,IRRI,HEAD,ROTR,Landscape - Irrigation,Rotor spray head
SYM_IRRI_HEAD_SPRY,SYM,IRRI,HEAD,SPRY,Landscape - Irrigation,Spray head
SYM_IRRI_HEAD_BUBL,SYM,IRRI,HEAD,BUBL,Landscape - Irrigation,Bubbler head
SYM_IRRI_HEAD_DRIP,SYM,IRRI,HEAD,DRIP,Landscape - Irrigation,Drip emitter
SYM_IRRI_VALV_CTRL,SYM,IRRI,VALV,CTRL,Landscape - Irrigation,Control valve
SYM_IRRI_VALV_QKCP,SYM,IRRI,VALV,QKCP,Landscape - Irrigation,Quick coupler valve
SYM_IRRI_BOXS_VALV,SYM,IRRI,BOXS,VALV,Landscape - Irrigation,Valve box
SYM_IRRI_BOXS_WIRE,SYM,IRRI,BOXS,WIRE,Landscape - Irrigation,Wire splice box
SYM_IRRI_CONT_CTRL,SYM,IRRI,CONT,CTRL,Landscape - Irrigation,Controller location
SYM_IRRI_MAIN_LINE,SYM,IRRI,MAIN,LINE,Landscape - Irrigation,Mainline symbol
SYM_IRRI_LATE_LINE,SYM,IRRI,LATE,LINE,Landscape - Irrigation,Lateral line symbol
SYM_IRRI_SLEV_CONN,SYM,IRRI,SLEV,CONN,Landscape - Irrigation,Sleeve connection
SYM_LAND_MULH_AREA,SYM,LAND,MULH,AREA,Landscape - Planting Details,Mulch area hatch
SYM_LAND_BARK_AREA,SYM,LAND,BARK,AREA,Landscape - Planting Details,Bark area hatch
SYM_LAND_ROCK_AREA,SYM,LAND,ROCK,AREA,Landscape - Planting Details,Rock mulch hatch
SYM_LAND_SOIL_AREA,SYM,LAND,SOIL,AREA,Landscape - Planting Details,Amended soil hatch
ANN_LAND_PLNT_TAG,ANN,LAND,PLNT,TAG,Landscape - Annotations,Plant tag (with leader)
ANN_LAND_TREE_PROT,ANN,LAND,TREE,PROT,Landscape - Annotations,Tree protection note
ANN_LAND_CALL_DTLS,ANN,LAND,CALL,DTLS,Landscape - Annotations,Detail callout
ANN_LAND_ZONE_LABL,ANN,LAND,ZONE,LABL,Landscape - Annotations,Planting zone label
ANN_GRAD_SPOT_EXST,ANN,GRAD,SPOT,EXST,Grading - Spot Elevations,Existing spot elevation
ANN_GRAD_SPOT_PROP,ANN,GRAD,SPOT,PROP,Grading - Spot Elevations,Proposed spot elevation
ANN_GRAD_SPOT_FINF,ANN,GRAD,SPOT,FINF,Grading - Spot Elevations,Finished floor elevation
ANN_GRAD_SPOT_TOPF,ANN,GRAD,SPOT,TOPF,Grading - Spot Elevations,Top of foundation elevation
ANN_GRAD_SPOT_TOPW,ANN,GRAD,SPOT,TOPW,Grading - Spot Elevations,Top of wall elevation
SYM_GRAD_SLPE_ARRO,SYM,GRAD,SLPE,ARRO,Grading - Slope Indicators,Slope direction arrow
SYM_GRAD_SLPE_RATG,SYM,GRAD,SLPE,RATG,Grading - Slope Indicators,Slope ratio label
SYM_GRAD_SLPE_PCNT,SYM,GRAD,SLPE,PCNT,Grading - Slope Indicators,Slope percentage label
ANN_GRAD_HIGH_PONT,ANN,GRAD,HIGH,PONT,Grading - Slope Indicators,High point marker
ANN_GRAD_LOWP_PONT,ANN,GRAD,LOWP,PONT,Grading - Slope Indicators,Low point marker
SYM_GRAD_CNTR_EXST,SYM,GRAD,CNTR,EXST,Grading - Contours,Existing contour (linetype ref)
SYM_GRAD_CNTR_PROP,SYM,GRAD,CNTR,PROP,Grading - Contours,Proposed contour (linetype ref)
ANN_GRAD_CNTR_LABL,ANN,GRAD,CNTR,LABL,Grading - Contours,Contour elevation label
SYM_GRAD_SWLE_DIRE,SYM,GRAD,SWLE,DIRE,Grading - Drainage,Swale direction arrow
SYM_GRAD_RIDG_LINE,SYM,GRAD,RIDG,LINE,Grading - Drainage,Ridge line symbol
SYM_GRAD_VALL_LINE,SYM,GRAD,VALL,LINE,Grading - Drainage,Valley line symbol
SYM_GRAD_FLOW_DIRE,SYM,GRAD,FLOW,DIRE,Grading - Drainage,Sheet flow direction
SYM_GRAD_BNCH_MARK,SYM,GRAD,BNCH,MARK,Grading - Construction,Benchmark symbol
SYM_GRAD_CTRL_PONT,SYM,GRAD,CTRL,PONT,Grading - Construction,Control point
SYM_GRAD_SILT_FNCE,SYM,GRAD,SILT,FNCE,Grading - Construction,Silt fence symbol
SYM_GRAD_EROS_CTRL,SYM,GRAD,EROS,CTRL,Grading - Construction,Erosion control symbol
ANN_GRAD_CALL_DTLS,ANN,GRAD,CALL,DTLS,Grading - Annotations,Detail callout
SYM_TRFC_STRP_DOUB,SYM,TRFC,STRP,DOUB,Traffic - Pavement Markings,Double yellow stripe
SYM_TRFC_STRP_DASH,SYM,TRFC,STRP,DASH,Traffic - Pavement Markings,Dashed lane stripe
SYM_TRFC_STRP_EDGE,SYM,TRFC,STRP,EDGE,Traffic - Pavement Markings,Edge line
SYM_TRFC_ARRW_THRU,SYM,TRFC,ARRW,THRU,Traffic - Pavement Markings,Through arrow
SYM_TRFC_ARRW_TURN,SYM,TRFC,ARRW,TURN,Traffic - Pavement Markings,Turn arrow
SYM_TRFC_ARRW_BOTH,SYM,TRFC,ARRW,BOTH,Traffic - Pavement Markings,Through/turn combo arrow
SYM_TRFC_WORD_STOP,SYM,TRFC,WORD,STOP,Traffic - Pavement Markings,STOP pavement word
SYM_TRFC_XWLK_MARK,SYM,TRFC,XWLK,MARK,Traffic - Pavement Markings,Crosswalk marking
SYM_TRFC_YILD_MARK,SYM,TRFC,YILD,MARK,Traffic - Pavement Markings,Yield marking
SYM_TRFC_SIGN_STOP,SYM,TRFC,SIGN,STOP,Traffic - Signs,Stop sign
SYM_TRFC_SIGN_YILD,SYM,TRFC,SIGN,YILD,Traffic - Signs,Yield sign
SYM_TRFC_SIGN_SPED,SYM,TRFC,SIGN,SPED,Traffic - Signs,Speed limit sign
SYM_TRFC_SIGN_STRN,SYM,TRFC,SIGN,STRN,Traffic - Signs,Street name sign
SYM_TRFC_SIGN_PARK,SYM,TRFC,SIGN,PARK,Traffic - Signs,Parking sign
SYM_TRFC_SIGN_NOWP,SYM,TRFC,SIGN,NOWP,Traffic - Signs,No parking sign
SYM_TRFC_SIGN_HAND,SYM,TRFC,SIGN,HAND,Traffic - Signs,Handicap sign
SYM_TRFC_SIGN_FIRE,SYM,TRFC,SIGN,FIRE,Traffic - Signs,Fire lane sign
SYM_TRFC_LGHT_SIGN,SYM,TRFC,LGHT,SIGN,Traffic - Traffic Control,Traffic signal
SYM_TRFC_LGHT_PPED,SYM,TRFC,LGHT,PPED,Traffic - Traffic Control,Pedestrian signal
SYM_TRFC_LGHT_FLSH,SYM,TRFC,LGHT,FLSH,Traffic - Traffic Control,Flashing beacon
SYM_TRFC_DECT_LOOP,SYM,TRFC,DECT,LOOP,Traffic - Traffic Control,Vehicle detector loop
SYM_TRFC_PARK_STND,SYM,TRFC,PARK,STND,Traffic - Parking,Standard parking space
SYM_TRFC_PARK_COMP,SYM,TRFC,PARK,COMP,Traffic - Parking,Compact parking space
SYM_TRFC_PARK_HAND,SYM,TRFC,PARK,HAND,Traffic - Parking,Handicap parking space
SYM_TRFC_PARK_ELEC,SYM,TRFC,PARK,ELEC,Traffic - Parking,EV charging space
SYM_TRFC_STRP_CURB,SYM,TRFC,STRP,CURB,Traffic - Parking,Striped curb (no parking)
ANN_TRFC_SIGN_SCHD,ANN,TRFC,SIGN,SCHD,Traffic - Annotations,Sign schedule tag
ANN_TRFC_CALL_DTLS,ANN,TRFC,CALL,DTLS,Traffic - Annotations,Detail callout
SYM_ELEC_LGHT_POLE,SYM,ELEC,LGHT,POLE,Electrical - Lighting,Pole-mounted light
SYM_ELEC_LGHT_WALL,SYM,ELEC,LGHT,WALL,Electrical - Lighting,Wall-mounted light
SYM_ELEC_LGHT_BOLR,SYM,ELEC,LGHT,BOLR,Electrical - Lighting,Bollard light
SYM_ELEC_LGHT_PATH,SYM,ELEC,LGHT,PATH,Electrical - Lighting,Path light
SYM_ELEC_LGHT_AREA,SYM,ELEC,LGHT,AREA,Electrical - Lighting,Area/flood light
SYM_ELEC_XFMR_GRND,SYM,ELEC,XFMR,GRND,Electrical - Power,Ground-mounted transformer
SYM_ELEC_XFMR_POLE,SYM,ELEC,XFMR,POLE,Electrical - Power,Pole-mounted transformer
SYM_ELEC_SWGR_GEAR,SYM,ELEC,SWGR,GEAR,Electrical - Power,Switchgear
SYM_ELEC_PANL_BORD,SYM,ELEC,PANL,BORD,Electrical - Power,Panel board
SYM_ELEC_JNBX_PULL,SYM,ELEC,JNBX,PULL,Electrical - Power,Pull box/junction box
SYM_ELEC_RCPT_EXTL,SYM,ELEC,RCPT,EXTL,Electrical - Connections,Exterior receptacle
SYM_ELEC_RCPT_GFCI,SYM,ELEC,RCPT,GFCI,Electrical - Connections,GFCI receptacle
SYM_ELEC_DISC_SWCH,SYM,ELEC,DISC,SWCH,Electrical - Connections,Disconnect switch
SYM_ELEC_METR_BASE,SYM,ELEC,METR,BASE,Electrical - Connections,Meter base
SYM_ELEC_HAND_HOLE,SYM,ELEC,HAND,HOLE,Electrical - Conduit,Handhole
SYM_ELEC_MNHL_ELEC,SYM,ELEC,MNHL,ELEC,Electrical - Conduit,Electrical manhole
SYM_ELEC_POLE_UTIL,SYM,ELEC,POLE,UTIL,Electrical - Conduit,Utility pole
SYM_ELEC_RSER_WRNG,SYM,ELEC,RSER,WRNG,Electrical - Conduit,Riser warning tape
ANN_ELEC_LITE_SCHD,ANN,ELEC,LITE,SCHD,Electrical - Annotations,Light fixture schedule tag
ANN_ELEC_CIRQ_LABL,ANN,ELEC,CIRQ,LABL,Electrical - Annotations,Circuit label
ANN_ELEC_VOLT_LABL,ANN,ELEC,VOLT,LABL,Electrical - Annotations,Voltage label
ANN_ELEC_CALL_DTLS,ANN,ELEC,CALL,DTLS,Electrical - Annotations,Detail callout
ANN_GENL_NOTE_FLAG,ANN,GENL,NOTE,FLAG,Annotations - General,Flag note with leader
ANN_GENL_NOTE_CLOU,ANN,GENL,NOTE,CLOU,Annotations - General,Cloud revision note
ANN_GENL_ARRO_PONT,ANN,GENL,ARRO,PONT,Annotations - General,Pointing arrow
ANN_GENL_ARRO_NRTH,ANN,GENL,ARRO,NRTH,Annotations - General,North arrow (plan)
ANN_GENL_SCAL_GRAF,ANN,GENL,SCAL,GRAF,Annotations - General,Graphic scale bar
DTL_GENL_CALL_CIRC,DTL,GENL,CALL,CIRC,Annotations - Detail References,Circular detail callout
DTL_GENL_CALL_RECT,DTL,GENL,CALL,RECT,Annotations - Detail References,Rectangular detail callout
DTL_GENL_SECN_MARK,DTL,GENL,SECN,MARK,Annotations - Detail References,Section cut marker
DTL_GENL_ELEV_MARK,DTL,GENL,ELEV,MARK,Annotations - Detail References,Elevation reference
DTL_GENL_MATL_MARK,DTL,GENL,MATL,MARK,Annotations - Detail References,Material reference tag
DIM_GENL_ARRO_STND,DIM,GENL,ARRO,STND,Annotations - Dimensions,Standard dimension arrow
DIM_GENL_ARRO_ARCH,DIM,GENL,ARRO,ARCH,Annotations - Dimensions,Architectural tick
DIM_GENL_ARRO_DOTS,DIM,GENL,ARRO,DOTS,Annotations - Dimensions,Dot terminus
DIM_GENL_LEAD_STND,DIM,GENL,LEAD,STND,Annotations - Dimensions,Standard leader
ANN_GENL_ROOM_TAG,ANN,GENL,ROOM,TAG,Annotations - Labels,Room number tag
ANN_GENL_AREA_TAG,ANN,GENL,AREA,TAG,Annotations - Labels,Area label tag
ANN_GENL_ZONE_TAG,ANN,GENL,ZONE,TAG,Annotations - Labels,Zone identifier
ANN_GENL_PHAS_TAG,ANN,GENL,PHAS,TAG,Annotations - Labels,Phase label
ANN_GENL_GRID_BUBL,ANN,GENL,GRID,BUBL,Annotations - Labels,Grid bubble
ANN_GENL_KEYN_FLAG,ANN,GENL,KEYN,FLAG,Annotations - Keynotes,Keynote flag
ANN_GENL_KEYN_CIRC,ANN,GENL,KEYN,CIRC,Annotations - Keynotes,Keynote circle
ANN_GENL_KEYN_HEXA,ANN,GENL,KEYN,HEXA,Annotations - Keynotes,Keynote hexagon
ANN_SURV_BNCH_MARK,ANN,SURV,BNCH,MARK,Annotations - Survey,Benchmark symbol
ANN_SURV_PROP_CRNR,ANN,SURV,PROP,CRNR,Annotations - Survey,Property corner marker
ANN_SURV_MONU_PONT,ANN,SURV,MONU,PONT,Annotations - Survey,Monument point
ANN_SURV_CONT_PONT,ANN,SURV,CONT,PONT,Annotations - Survey,Control point
ANN_SURV_TRAV_STAT,ANN,SURV,TRAV,STAT,Annotations - Survey,Traverse station
ANN_GENL_REVI_CLOU,ANN,GENL,REVI,CLOU,Annotations - Revision,Revision cloud (dynamic)
ANN_GENL_REVI_TRIA,ANN,GENL,REVI,TRIA,Annotations - Revision,Revision triangle
ANN_GENL_REVI_DELT,ANN,GENL,REVI,DELT,Annotations - Revision,Revision delta
ANN_GENL_COOR_NOTE,ANN,GENL,COOR,NOTE,Annotations - Revision,Coordination note
ANN_GENL_REVI_NOTE,ANN,GENL,REVI,NOTE,Annotations - Revision,Revision note bubble
ANN_GENL_SYMB_DIAM,ANN,GENL,SYMB,DIAM,Annotations - Symbols,Diameter symbol
ANN_GENL_SYMB_DEGR,ANN,GENL,SYMB,DEGR,Annotations - Symbols,Degree symbol
ANN_GENL_SYMB_PLUSM,ANN,GENL,SYMB,PLUSM,Annotations - Symbols,Plus/minus symbol
BDR_GENL_FULL_D,BDR,GENL,FULL,D,Titleblocks,Full D-size titleblock (24x36)
BDR_GENL_FULL_E,BDR,GENL,FULL,E,Titleblocks,Full E-size titleblock (36x48)
BDR_GENL_HALF_D,BDR,GENL,HALF,D,Titleblocks,Half D-size titleblock (18x24)
BDR_GENL_ANSI_A,BDR,GENL,ANSI,A,Titleblocks,ANSI A-size titleblock (8.5x11)
BDR_GENL_ANSI_B,BDR,GENL,ANSI,B,Titleblocks,ANSI B-size titleblock (11x17)
SCH_GENL_REVI_TABL,SCH,GENL,REVI,TABL,Schedules,Revision table block
SCH_GENL_KEYN_TABL,SCH,GENL,KEYN,TABL,Schedules,Keynote legend table
SCH_GENL_SYMB_TABL,SCH,GENL,SYMB,TABL,Schedules,Symbol legend table
SCH_GENL_MATL_TABL,SCH,GENL,MATL,TABL,Schedules,Material schedule table
SCH_GENL_QUAN_TABL,SCH,GENL,QUAN,TABL,Schedules,Quantity takeoff table
LGD_GENL_LAYR_LIST,LGD,GENL,LAYR,LIST,Legends,Layer legend
LGD_GENL_ABVR_LIST,LGD,GENL,ABVR,LIST,Legends,Abbreviation legend
VEH_SITE_AUTO_SEDN,VEH,SITE,AUTO,SEDN,Vehicles - Automobiles,Sedan automobile
VEH_SITE_AUTO_SUVS,VEH,SITE,AUTO,SUVS,Vehicles - Automobiles,SUV automobile
VEH_SITE_TRCK_PKUP,VEH,SITE,TRCK,PKUP,Vehicles - Trucks,Pickup truck
VEH_SITE_TRCK_DLVY,VEH,SITE,TRCK,DLVY,Vehicles - Trucks,Delivery truck
VEH_SITE_TRCK_SMTR,VEH,SITE,TRCK,SMTR,Vehicles - Trucks,Semi-trailer truck
VEH_SITE_TRCK_FIRE,VEH,SITE,TRCK,FIRE,Vehicles - Trucks,Fire truck
VEH_SITE_TRCK_REFS,VEH,SITE,TRCK,REFS,Vehicles - Trucks,Refuse truck
VEH_SITE_EMER_AMBL,VEH,SITE,EMER,AMBL,Vehicles - Emergency,Ambulance
VEH_SITE_CNST_DUMP,VEH,SITE,CNST,DUMP,Vehicles - Construction,Dump truck
VEH_SITE_CNST_EXCA,VEH,SITE,CNST,EXCA,Vehicles - Construction,Excavator
VEH_SITE_CNST_LOAD,VEH,SITE,CNST,LOAD,Vehicles - Construction,Loader
VEH_SITE_CNST_GRAD,VEH,SITE,CNST,GRAD,Vehicles - Construction,Grader
VEH_SITE_CNST_ROLL,VEH,SITE,CNST,ROLL,Vehicles - Construction,Roller
VEH_SITE_BIKE_STND,VEH,SITE,BIKE,STND,Vehicles - Other,Bicycle (plan view)
VEH_SITE_BIKE_PATH,VEH,SITE,BIKE,PATH,Vehicles - Other,Bicycle path symbol
VEH_SITE_PEDS_WALK,VEH,SITE,PEDS,WALK,Vehicles - Other,Pedestrian symbol
SYM_ADA__PARK_STND,SYM,ADA_,PARK,STND,ADA - Parking,Standard accessible parking space
SYM_ADA__PARK_VAN,SYM,ADA_,PARK,VAN,ADA - Parking,Van-accessible parking space
SYM_ADA__PARK_SIGN,SYM,ADA_,PARK,SIGN,ADA - Parking,Accessible parking sign symbol
SYM_ADA__RAMP_PERP,SYM,ADA_,RAMP,PERP,ADA - Ramps,Perpendicular curb ramp symbol
SYM_ADA__RAMP_PARA,SYM,ADA_,RAMP,PARA,ADA - Ramps,Parallel curb ramp symbol
SYM_ADA__RAMP_DIAG,SYM,ADA_,RAMP,DIAG,ADA - Ramps,Diagonal curb ramp symbol
SYM_ADA__DETW_SURF,SYM,ADA_,DETW,SURF,ADA - Detectable Warnings,Detectable warning surface hatch
SYM_ADA__CLRN_FLOR,SYM,ADA_,CLRN,FLOR,ADA - Clearances,"Clear floor space (30""x48"")"
SYM_ADA__TURN_CIRC,SYM,ADA_,TURN,CIRC,ADA - Clearances,"Turning circle (60"" dia)"
SYM_ADA__TURN_TSPC,SYM,ADA_,TURN,TSPC,ADA - Clearances,T-shaped turning space
SYM_ADA__PASS_SPCE,SYM,ADA_,PASS,SPCE,ADA - Clearances,"Passing space (60""x60"")"
SYM_ADA__SIGN_MNTH,SYM,ADA_,SIGN,MNTH,ADA - Signage,Signage mounting height indicator
ANN_ADA__SLPE_RATG,ANN,ADA_,SLPE,RATG,ADA - Annotations,Slope ratio annotation (1:12/1:20/1:48)
ANN_ADA__DMSN_PATH,ANN,ADA_,DMSN,PATH,ADA - Annotations,Path width dimension
ANN_ADA__DMSN_CLRN,ANN,ADA_,DMSN,CLRN,ADA - Annotations,Clearance dimension
ANN_ADA__NOTE_CMPL,ANN,ADA_,NOTE,CMPL,ADA - Annotations,ADA compliance note
FURN_ADA__TABL_ACCS,FURN,ADA_,TABL,ACCS,ADA - Furniture,Accessible picnic table
FURN_ADA__BNCH_ACCS,FURN,ADA_,BNCH,ACCS,ADA - Furniture,Accessible bench with companion seating
FURN_ADA__FNTN_DUAL,FURN,ADA_,FNTN,DUAL,ADA - Furniture,Dual-height drinking fountain